2026/09/26,2026/09/26,Transfer Debit,"=""RBMD2TYNY2LKSR7VZM""","=""FTOT5I3DJDI4RGOFYK""",Hussain Shafeeq,"=""Hussain Shafeeq""",26-09-2026 01-00-00 Internet Banking,378.85,,268494.40
2026/09/26,2026/09/26,Favara Debit,"=""RB0LPQNHBCZJFB8TDS""","=""FTKF7KJL8VQ5ZA3SVC""",Ali Shaheed,"=""Ali Shaheed""",26-09-2026 17-00-00 Favara,432.02,,268062.38
2026/09/27,2026/09/27,Favara Credit,"=""RBUR3XXXV85EKTPGXC""","=""FT1U9FCF67WSE0ZXHQ""",Freelance Client 4,"=""Freelance Client 4""",27-09-2026 09-00-00 Favara,,485.19,268547.57
2026/09/28,2026/09/28,Favara Credit,"=""RBYSK1JP3MZS49PB3P""","=""FT1DO57J3UJAOYWSKY""",Hussain Shafeeq,"=""Hussain Shafeeq""",28-09-2026 01-00-00 Favara,,63.36,268610.93
2026/09/28,2026/09/28,Transfer Credit,"=""RBL4CF2QPF8FG7R67H""","=""FTBKVVMXF3HXLXSNI3""",Ahmed Rasheed,"=""Ahmed Rasheed""",28-09-2026 17-00-00 Internet Banking,,115.00,268725.93
2026/09/29,2026/09/29,Transfer Debit,"=""RB3A6O1KXS4627WP5B""","=""FTKXCUIRS5D46LN6H4""",Digitopia Pvt Ltd,"=""Digitopia Pvt Ltd""",29-09-2026 09-00-00 Internet Banking,168.17,,268557.76
2026/09/30,2026/09/30,Favara Debit,"=""RBJN6VQ7Q07HWUS7IY""","=""FT7XURGTBEF0G4VV41""",My Other Bank Account,"=""My Other Bank Account""",30-09-2026 01-00-00 Favara,221.34,,268336.42
2026/09/30,2026/09/30,Favara Credit,"=""RB7LRKEPMZ3JJ3FAYN""","=""FTUIVI2NT7GVXN2UFD""",My Other Bank Account,"=""My Other Bank Account""",30-09-2026 17-00-00 Favara,,274.51,268610.93
2026/10/01,2026/10/01,Purchase,"=""RBW3YPE9M7CP5V3M9I""","=""FTQ8XKTAFZHUIOAD8D""",01-10-2026,"=""Red Banana""",01-10-2026 09-00-00,327.68,,268283.25
2026/10/02,2026/10/02,Purchase,"=""RBY1DWZCHWB5TPP8KT""","=""FT3K54NHUW3D0VXK4E""",02-10-2026,"=""Avas Ride""",02-10-2026 01-00-00,380.85,,267902.40
2026/10/02,2026/10/02,Purchase,"=""RBOSKBPRFB2W7T3V59""","=""FTFGI3KIF1SUL5AR6P""",02-10-2026,"=""AliExpress""",02-10-2026 17-00-00,434.02,,267468.38
2026/10/03,2026/10/03,Purchase,"=""RBWGV5W2JSLDJVM160""","=""FTGK35B2M0NUUJP1MR""",03-10-2026,"=""MPGOOGLE Google One""",03-10-2026 09-00-00,487.19,,266981.19
2026/10/04,2026/10/04,Bill Payment,"=""RBK9JJ9O406EOEYJHR""","=""FTRW8GW6LP8HG7B1WZ""",04-10-2026,"=""Dhiraagu BILLPAY""",04-10-2026 01-00-00,65.36,,266915.83
2026/10/04,2026/10/04,Salary,"=""RBQDZPW0JHMQGSGT6X""","=""FTBV7O85624VQANT1X""",Synthetic Employer Pvt Ltd,"=""Synthetic Employer Pvt Ltd""",04-10-2026 17-00-00,,10158.00,277073.83
2026/10/05,2026/10/05,ATM Withdrawal,"=""RB9S6EAZEDO7PNO6VU""","=""FT5IQH0OUFE18E4T90""",ATM Cash Withdrawal,"=""ATM Cash Withdrawal""",05-10-2026 09-00-00,170.17,,276903.66
2026/10/06,2026/10/06,Credit Card Payment,"=""RBP1CZGJF98TMQT5DK""","=""FT1J6ILF0GQCEK6QST""",BML Credit Card Payment,"=""BML Credit Card Payment""",06-10-2026 01-00-00,223.34,,276680.32
2026/10/06,2026/10/06,Favara Debit,"=""RBNANRY2CMY3ZCP4VZ""","=""FTS3MTAJCWQ7TT2VT6""",Hussain Shafeeq,"=""Hussain Shafeeq""",06-10-2026 17-00-00 Favara,276.51,,276403.81
2026/10/07,2026/10/07,Transfer Debit,"=""RBI2BLHV108TQ67JMT""","=""FT6B1EB314UEBWHSJG""",Ali Shaheed,"=""Ali Shaheed""",07-10-2026 09-00-00 Internet Banking,329.68,,276074.13
2026/10/08,2026/10/08,Favara Debit,"=""RBL99JE0TMZCOMRBSM""","=""FT2SB5U3IAO9ZAUSDF""",Mariyam Naaz,"=""Mariyam Naaz""",08-10-2026 01-00-00 Favara,382.85,,275691.28
2026/10/08,2026/10/08,Favara Credit,"=""RB0R4POCGMJP0DOE06""","=""FT8416GR3DY0IW0OC1""",Freelance Client 1,"=""Freelance Client 1""",08-10-2026 17-00-00 Favara,,436.02,276127.30
2026/10/09,2026/10/09,Favara Credit,"=""RB3LNOQWXTAJR5ENT8""","=""FTWP6A64TPQWBVCMHJ""",Ali Shaheed,"=""Ali Shaheed""",09-10-2026 09-00-00 Favara,,489.19,276616.49
2026/10/10,2026/10/10,Transfer Credit,"=""RBZIRY37KJSAL31GHU""","=""FT671LPI0404M9ZM24""",Hussain Shafeeq,"=""Hussain Shafeeq""",10-10-2026 01-00-00 Internet Banking,,67.36,276683.85
2026/10/10,2026/10/10,Transfer Debit,"=""RB1G4O07AJJX99B9QG""","=""FT21E7OC8F998Y2679""",Echbees LLP,"=""Echbees LLP""",10-10-2026 17-00-00 Internet Banking,119.00,,276564.85
2026/10/11,2026/10/11,Favara Debit,"=""RB7L5BL5MYLEOCX9ZT""","=""FTEA6CIAGWMG6ANEZ3""",My Other Bank Account,"=""My Other Bank Account""",11-10-2026 09-00-00 Favara,172.17,,276392.68
2026/10/12,2026/10/12,Favara Credit,"=""RBHAVZGDKB9VPE3E5Z""","=""FT0BXY3CFV1OM5PMPR""",My Other Bank Account,"=""My Other Bank Account""",12-10-2026 01-00-00 Favara,,225.34,276618.02
2026/10/12,2026/10/12,Purchase,"=""RBXUCX1M442EFC2DSJ""","=""FTVT5C65EOD25DOZO9""",12-10-2026,"=""Villa Mart""",12-10-2026 17-00-00,278.51,,276339.51
2026/10/13,2026/10/13,Purchase,"=""RBGFANDF0PRFQM8J30""","=""FT7Y4YB3BHWQF8WVBR""",13-10-2026,"=""Avas Ride""",13-10-2026 09-00-00,331.68,,276007.83
2026/10/14,2026/10/14,Purchase,"=""RBI1N9WOXPIP2C11UJ""","=""FTK7TH8NKPMDTC4ZLH""",14-10-2026,"=""AliExpress""",14-10-2026 01-00-00,384.85,,275622.98
2026/10/14,2026/10/14,Purchase,"=""RBXFJCGYLFNIXXWZMY""","=""FTWTL85K2OO6P18S2C""",14-10-2026,"=""MPGOOGLE YouTube Premium""",14-10-2026 17-00-00,438.02,,275184.96
2026/10/15,2026/10/15,Bill Payment,"=""RB0NXIHFY7JMIQ0IF7""","=""FTALAIFG8D9V2SJW8O""",15-10-2026,"=""STELCO BILLPAY""",15-10-2026 09-00-00,491.19,,274693.77
2026/10/16,2026/10/16,Salary,"=""RBFQ2ZJ3FJYYPT8AT2""","=""FTJMSI0NA0VKJKLDV6""",Synthetic Employer Pvt Ltd,"=""Synthetic Employer Pvt Ltd""",16-10-2026 01-00-00,,11807.00,286500.77
2026/10/16,2026/10/16,ATM Withdrawal,"=""RBWKOUPNKAR13XOBMH""","=""FTK5518QOQRQTARK9V""",ATM Cash Withdrawal,"=""ATM Cash Withdrawal""",16-10-2026 17-00-00,121.00,,286379.77
2026/10/17,2026/10/17,Credit Card Payment,"=""RBQDKRIPSN7J3DC9ND""","=""FTTEJZU7TI7GGARVI9""",BML Credit Card Payment,"=""BML Credit Card Payment""",17-10-2026 09-00-00,174.17,,286205.60
2026/10/18,2026/10/18,Favara Debit,"=""RBUYA2T6X9TSJR6D1V""","=""FTK116V7X9ZRASQOEX""",Ali Shaheed,"=""Ali Shaheed""",18-10-2026 01-00-00 Favara,227.34,,285978.26
2026/10/18,2026/10/18,Transfer Debit,"=""RB44OJW8DQHAH9DW1T""","=""FT2DZRMAPKX6YKTSLY""",Mariyam Naaz,"=""Mariyam Naaz""",18-10-2026 17-00-00 Internet Banking,280.51,,285697.75
2026/10/19,2026/10/19,Favara Debit,"=""RBMVC09RNKTBD9D83E""","=""FTX4BY5SB8FYOTVFJ5""",Fathimath Leeza,"=""Fathimath Leeza""",19-10-2026 09-00-00 Favara,333.68,,285364.07
2026/10/20,2026/10/20,Favara Credit,"=""RBO7F23IUANEFXV7J4""","=""FT8FJEZ3ROAR7TE2OC""",Freelance Client 2,"=""Freelance Client 2""",20-10-2026 01-00-00 Favara,,386.85,285750.92
2026/10/20,2026/10/20,Favara Credit,"=""RB02LTVUB0S0KYGZEN""","=""FTIGO5U26AFKDD2LJJ""",Mariyam Naaz,"=""Mariyam Naaz""",20-10-2026 17-00-00 Favara,,440.02,286190.94
2026/10/21,2026/10/21,Transfer Credit,"=""RB2BJRYAUK5X0ZO4C2""","=""FTHCXOK2T4MYGLXVMO""",Ali Shaheed,"=""Ali Shaheed""",21-10-2026 09-00-00 Internet Banking,,493.19,286684.13
2026/10/22,2026/10/22,Transfer Debit,"=""RBV7F7Z4K63L2YXDL1""","=""FT2N1OQQVM8BWED6RT""",Coral Works LLP,"=""Coral Works LLP""",22-10-2026 01-00-00 Internet Banking,71.36,,286612.77
2026/10/22,2026/10/22,Favara Debit,"=""RB5C015I6XV38P625I""","=""FTNYQ3CW6OAO14OKD1""",My Other Bank Account,"=""My Other Bank Account""",22-10-2026 17-00-00 Favara,123.00,,286489.77
2026/10/23,2026/10/23,Favara Credit,"=""RB8BZXCE1DIF2SE6TB""","=""FT1BIV6FDTEUNGH4ZE""",My Other Bank Account,"=""My Other Bank Account""",23-10-2026 09-00-00 Favara,,176.17,286665.94
2026/10/24,2026/10/24,Purchase,"=""RBSAI4LY9LPM79ZJX0""","=""FTUR2PGMKOIF621BD1""",24-10-2026,"=""Coral Cafe""",24-10-2026 01-00-00,229.34,,286436.60
2026/10/24,2026/10/24,Purchase,"=""RBAVKIQZCR5R1QQY8P""","=""FT88LOX4TTIL3UWB38""",24-10-2026,"=""Avas Ride""",24-10-2026 17-00-00,282.51,,286154.09
2026/10/25,2026/10/25,Purchase,"=""RBLH29M212S3SF19LO""","=""FTBS2YVK5P50FVDKM3""",25-10-2026,"=""AliExpress""",25-10-2026 09-00-00,335.68,,285818.41
2026/10/26,2026/10/26,Purchase,"=""RB42182O39IH8G7HWH""","=""FTAPRU23T6WZDRR5C8""",26-10-2026,"=""MPGOOGLE Google One""",26-10-2026 01-00-00,388.85,,285429.56
2026/10/26,2026/10/26,Bill Payment,"=""RBIOCTS7835W41L0MW""","=""FT3AKBBMM71GW995CD""",26-10-2026,"=""Dhiraagu BILLPAY""",26-10-2026 17-00-00,442.02,,284987.54
2026/10/27,2026/10/27,Salary,"=""RBT9Q21FSWDXHP8II7""","=""FTV7MIJD6VPQUDHQOW""",Synthetic Employer Pvt Ltd,"=""Synthetic Employer Pvt Ltd""",27-10-2026 09-00-00,,13456.00,298443.54
2026/10/28,2026/10/28,ATM Withdrawal,"=""RBUX5VLLSKXXWRQVVC""","=""FT4836CO4FMPG6Y3LD""",ATM Cash Withdrawal,"=""ATM Cash Withdrawal""",28-10-2026 01-00-00,73.36,,298370.18
2026/10/28,2026/10/28,Credit Card Payment,"=""RBTC7OWUWNY3FU81PG""","=""FTOZTEQEN3K5QJY2BF""",BML Credit Card Payment,"=""BML Credit Card Payment""",28-10-2026 17-00-00,125.00,,298245.18
2026/10/29,2026/10/29,Favara Debit,"=""RBHDQFIQYI52ZI8HLB""","=""FTWX7484PH7606W3LR""",Mariyam Naaz,"=""Mariyam Naaz""",29-10-2026 09-00-00 Favara,178.17,,298067.01
2026/10/30,2026/10/30,Transfer Debit,"=""RB7A2JHMUPBTEX8Y9H""","=""FT54QIAPVQK3KZVH0L""",Fathimath Leeza,"=""Fathimath Leeza""",30-10-2026 01-00-00 Internet Banking,231.34,,297835.67
2026/10/30,2026/10/30,Favara Debit,"=""RBNNDR4DFG9WDU31DU""","=""FTX4PHVMQB2VY6EA9B""",Ahmed Rasheed,"=""Ahmed Rasheed""",30-10-2026 17-00-00 Favara,284.51,,297551.16
2026/10/31,2026/10/31,Favara Credit,"=""RBANO8181A9ZR4F675""","=""FTXW9UM5HAL27G4JKR""",Freelance Client 3,"=""Freelance Client 3""",31-10-2026 09-00-00 Favara,,337.68,297888.84
2026/11/01,2026/11/01,Favara Credit,"=""RBD6GH0UG827D8IS0S""","=""FT7UUE4UF9OKO5CDXT""",Fathimath Leeza,"=""Fathimath Leeza""",01-11-2026 01-00-00 Favara,,390.85,298279.69
2026/11/01,2026/11/01,Transfer Credit,"=""RBR4YHE6RJKXAYJ132""","=""FTX5S3DCUC2AODG705""",Mariyam Naaz,"=""Mariyam Naaz""",01-11-2026 17-00-00 Internet Banking,,444.02,298723.71
2026/11/02,2026/11/02,Transfer Debit,"=""RBQ1SI3MPHZGZ6R2R2""","=""FTWPPBEXQOMXZ1UCVZ""",Digitopia Pvt Ltd,"=""Digitopia Pvt Ltd""",02-11-2026 09-00-00 Internet Banking,497.19,,298226.52
2026/11/03,2026/11/03,Favara Debit,"=""RB8RHJWO75D5ELCUA0""","=""FTN12GT75NTPRN9SCI""",My Other Bank Account,"=""My Other Bank Account""",03-11-2026 01-00-00 Favara,75.36,,298151.16
2026/11/03,2026/11/03,Favara Credit,"=""RBIOP61QGO1FDEVJ4J""","=""FTPREOQ65AC301DU5E""",My Other Bank Account,"=""My Other Bank Account""",03-11-2026 17-00-00 Favara,,127.00,298278.16
2026/11/04,2026/11/04,Purchase,"=""RBMH1RU65U3PD1ME7P""","=""FTUYRXPU22C6BAXEGS""",04-11-2026,"=""Red Banana""",04-11-2026 09-00-00,180.17,,298097.99
2026/11/05,2026/11/05,Purchase,"=""RBGICC91QMP7MEPFVM""","=""FTZNWJITDZJBX37EXE""",05-11-2026,"=""Avas Ride""",05-11-2026 01-00-00,233.34,,297864.65
2026/11/05,2026/11/05,Purchase,"=""RBI4FGA4X9Z1407BD9""","=""FTXD4YUUV4D4Q5NYSK""",05-11-2026,"=""AliExpress""",05-11-2026 17-00-00,286.51,,297578.14
2026/11/06,2026/11/06,Purchase,"=""RB1Y14HJZ6MGANUMRS""","=""FTBN3IXFIQK5YFI051""",06-11-2026,"=""MPGOOGLE YouTube Premium""",06-11-2026 09-00-00,339.68,,297238.46
2026/11/07,2026/11/07,Bill Payment,"=""RB5BUU5Z18P3T9RDTC""","=""FTPLXR01LZ32LQJZ9A""",07-11-2026,"=""STELCO BILLPAY""",07-11-2026 01-00-00,392.85,,296845.61
2026/11/07,2026/11/07,Salary,"=""RBOGWFUU4PNNALG031""","=""FT69JRZGG3D0DZFS1C""",Synthetic Employer Pvt Ltd,"=""Synthetic Employer Pvt Ltd""",07-11-2026 17-00-00,,10105.00,306950.61
2026/11/08,2026/11/08,ATM Withdrawal,"=""RBA55F1G5TQP2KD2VP""","=""FTCSR1SWKXTLWPHUOX""",ATM Cash Withdrawal,"=""ATM Cash Withdrawal""",08-11-2026 09-00-00,499.19,,306451.42
2026/11/09,2026/11/09,Credit Card Payment,"=""RBZK99YAKO2P2HJFV9""","=""FT2Z3JO68K12VB0QW9""",BML Credit Card Payment,"=""BML Credit Card Payment""",09-11-2026 01-00-00,77.36,,306374.06
2026/11/09,2026/11/09,Favara Debit,"=""RBY7GG43OXQ0M3W7L7""","=""FTMRCP5N94WTF69M5L""",Fathimath Leeza,"=""Fathimath Leeza""",09-11-2026 17-00-00 Favara,129.00,,306245.06
2026/11/10,2026/11/10,Transfer Debit,"=""RBR2PT3XZBH5VMYTSL""","=""FT8ZFXPNW7K1KZSWP1""",Ahmed Rasheed,"=""Ahmed Rasheed""",10-11-2026 09-00-00 Internet Banking,182.17,,306062.89
2026/11/11,2026/11/11,Favara Debit,"=""RBVURXDP2Z3EBMSTQZ""","=""FTFQTUK4IPNWRJVI8U""",Hussain Shafeeq,"=""Hussain Shafeeq""",11-11-2026 01-00-00 Favara,235.34,,305827.55
2026/11/11,2026/11/11,Favara Credit,"=""RBI9CSZJZJU33YHFKQ""","=""FTMX5MVP7W528I7SLR""",Freelance Client 4,"=""Freelance Client 4""",11-11-2026 17-00-00 Favara,,288.51,306116.06
2026/11/12,2026/11/12,Favara Credit,"=""RBWWFD80Y5M1Z2HEDE""","=""FTLGVWE6A8OLNYA4JC""",Ahmed Rasheed,"=""Ahmed Rasheed""",12-11-2026 09-00-00 Favara,,341.68,306457.74
2026/11/13,2026/11/13,Transfer Credit,"=""RBPA72LH9HH7WYUXEK""","=""FT0CQEXATD3D6BUEXK""",Fathimath Leeza,"=""Fathimath Leeza""",13-11-2026 01-00-00 Internet Banking,,394.85,306852.59
2026/11/13,2026/11/13,Transfer Debit,"=""RBNF24SQW3T32PQOMX""","=""FTC6T8SEJBUQNB77JR""",Echbees LLP,"=""Echbees LLP""",13-11-2026 17-00-00 Internet Banking,448.02,,306404.57
2026/11/14,2026/11/14,Favara Debit,"=""RBLUD1J1GKADI95L78""","=""FT6BY8VXWEO6E1CO4L""",My Other Bank Account,"=""My Other Bank Account""",14-11-2026 09-00-00 Favara,26.19,,306378.38
2026/11/15,2026/11/15,Favara Credit,"=""RBALU9VKE3KYMKLCHL""","=""FTY3JBM6I1HU5UAZU4""",My Other Bank Account,"=""My Other Bank Account""",15-11-2026 01-00-00 Favara,,79.36,306457.74
2026/11/15,2026/11/15,Purchase,"=""RBMSOE4UILM8HORX4Z""","=""FTILQS93HBTY9PAPZI""",15-11-2026,"=""Villa Mart""",15-11-2026 17-00-00,131.00,,306326.74
2026/11/16,2026/11/16,Purchase,"=""RBVY3CF0N0X3IFR855""","=""FTR5X8HNL5U13MVX1I""",16-11-2026,"=""Avas Ride""",16-11-2026 09-00-00,184.17,,306142.57
2026/11/17,2026/11/17,Purchase,"=""RBM5IGMVPCX0QT4S4V""","=""FTF1AUYMD6ZLR7TDZK""",17-11-2026,"=""AliExpress""",17-11-2026 01-00-00,237.34,,305905.23
2026/11/17,2026/11/17,Purchase,"=""RB80UB9FKJ3UL5MGE2""","=""FTVOV9L8S481J74BCY""",17-11-2026,"=""MPGOOGLE Google One""",17-11-2026 17-00-00,290.51,,305614.72
2026/11/18,2026/11/18,Bill Payment,"=""RB4SY4L9C1JLMW1F4B""","=""FTCXBEG93X0137AVXO""",18-11-2026,"=""Dhiraagu BILLPAY""",18-11-2026 09-00-00,343.68,,305271.04
2026/11/19,2026/11/19,Salary,"=""RBDCMGVOOF8YHW6U2R""","=""FTK644VSNC7XPT7CJW""",Synthetic Employer Pvt Ltd,"=""Synthetic Employer Pvt Ltd""",19-11-2026 01-00-00,,11754.00,317025.04
2026/11/19,2026/11/19,ATM Withdrawal,"=""RBQO5BU32Q9VHBX6HC""","=""FTEJ9H8I7F9A30FVC1""",ATM Cash Withdrawal,"=""ATM Cash Withdrawal""",19-11-2026 17-00-00,450.02,,316575.02
2026/11/20,2026/11/20,Credit Card Payment,"=""RBSJ5I766BL4ZZ0LAX""","=""FTMEP1I6QXK9SUS0XM""",BML Credit Card Payment,"=""BML Credit Card Payment""",20-11-2026 09-00-00,28.19,,316546.83
2026/11/21,2026/11/21,Favara Debit,"=""RBR0LSDCBBHY2QSOW8""","=""FTLPSQQBFYVZIB50GI""",Ahmed Rasheed,"=""Ahmed Rasheed""",21-11-2026 01-00-00 Favara,81.36,,316465.47
2026/11/21,2026/11/21,Transfer Debit,"=""RBM71QCWY9OHER5QM6""","=""FTNH9K27PZ60GSQGEY""",Hussain Shafeeq,"=""Hussain Shafeeq""",21-11-2026 17-00-00 Internet Banking,133.00,,316332.47
2026/11/22,2026/11/22,Favara Debit,"=""RBWBDTBEIUPJ13MBIM""","=""FTKT39QVAIPFQ4396M""",Ali Shaheed,"=""Ali Shaheed""",22-11-2026 09-00-00 Favara,186.17,,316146.30
2026/11/23,2026/11/23,Favara Credit,"=""RBMYEYUYRTC9JRT4DY""","=""FTP0CQJ3UG60GKJ8PF""",Freelance Client 1,"=""Freelance Client 1""",23-11-2026 01-00-00 Favara,,239.34,316385.64
2026/11/23,2026/11/23,Favara Credit,"=""RBP90029VO1FD38AH9""","=""FTPHWJJ85ZUSXJG4ZJ""",Hussain Shafeeq,"=""Hussain Shafeeq""",23-11-2026 17-00-00 Favara,,292.51,316678.15
2026/11/24,2026/11/24,Transfer Credit,"=""RBKZKFVBOEAFKBOZ7Q""","=""FTVD0YPDWJO38UVJ91""",Ahmed Rasheed,"=""Ahmed Rasheed""",24-11-2026 09-00-00 Internet Banking,,345.68,317023.83
2026/11/25,2026/11/25,Transfer Debit,"=""RBMTKPT2R6KWPEN0JJ""","=""FTEDA8K4051FA5BX2B""",Coral Works LLP,"=""Coral Works LLP""",25-11-2026 01-00-00 Internet Banking,398.85,,316624.98
2026/11/25,2026/11/25,Favara Debit,"=""RBF56TEZ3RB6OANP13""","=""FTUO3ILOB0SZAQGC3Z""",My Other Bank Account,"=""My Other Bank Account""",25-11-2026 17-00-00 Favara,452.02,,316172.96
2026/11/26,2026/11/26,Favara Credit,"=""RB2HP8ODQAEN3AEV44""","=""FT57L3YCSNE29F74DM""",My Other Bank Account,"=""My Other Bank Account""",26-11-2026 09-00-00 Favara,,30.19,316203.15
2026/11/27,2026/11/27,Purchase,"=""RBEZYNV6WZNMC7TW8R""","=""FTU42J5L7NMXDBGDVJ""",27-11-2026,"=""Coral Cafe""",27-11-2026 01-00-00,83.36,,316119.79
2026/11/27,2026/11/27,Purchase,"=""RB5GLNH4GS5M2FPPN7""","=""FT0QORASHZT7Z7C753""",27-11-2026,"=""Avas Ride""",27-11-2026 17-00-00,135.00,,315984.79
2026/11/28,2026/11/28,Purchase,"=""RB379T3X4E5IFR508N""","=""FTIS6I1PJ4ZEAPLVFV""",28-11-2026,"=""AliExpress""",28-11-2026 09-00-00,188.17,,315796.62
2026/11/29,2026/11/29,Purchase,"=""RBTF3WPVFD6X7DOPE2""","=""FTYGGA5E7F69G16OAW""",29-11-2026,"=""MPGOOGLE YouTube Premium""",29-11-2026 01-00-00,241.34,,315555.28
2026/11/29,2026/11/29,Bill Payment,"=""RBSMRSBIUKAKUMVQ4V""","=""FTX2SQPC8PCQ3C57MF""",29-11-2026,"=""STELCO BILLPAY""",29-11-2026 17-00-00,294.51,,315260.77
2026/11/30,2026/11/30,Salary,"=""RBCNTW9QEFBU7O31ZL""","=""FTIUXZTI6WJWMQACVW""",Synthetic Employer Pvt Ltd,"=""Synthetic Employer Pvt Ltd""",30-11-2026 09-00-00,,13403.00,328663.77
2026/12/01,2026/12/01,ATM Withdrawal,"=""RBOAVEXPHLS2MN7R8X""","=""FTHJVVDQ31G9MFU52F""",ATM Cash Withdrawal,"=""ATM Cash Withdrawal""",01-12-2026 01-00-00,400.85,,328262.92
2026/12/01,2026/12/01,Credit Card Payment,"=""RB7ZTISYSW6DQ8KI1Q""","=""FTLKSY80B59PVFOBY6""",BML Credit Card Payment,"=""BML Credit Card Payment""",01-12-2026 17-00-00,454.02,,327808.90
2026/12/02,2026/12/02,Favara Debit,"=""RBXGVFL2WE03URHIDH""","=""FTLDM5V04CBL2ZFVB3""",Hussain Shafeeq,"=""Hussain Shafeeq""",02-12-2026 09-00-00 Favara,32.19,,327776.71
2026/12/03,2026/12/03,Transfer Debit,"=""RBHC8EX5IQVIROB8HU""","=""FTYY23EV64TUX6F4HL""",Ali Shaheed,"=""Ali Shaheed""",03-12-2026 01-00-00 Internet Banking,85.36,,327691.35
2026/12/03,2026/12/03,Favara Debit,"=""RBXXVPPULWZKR8H7DQ""","=""FT15R4KNDRHQKCPS44""",Mariyam Naaz,"=""Mariyam Naaz""",03-12-2026 17-00-00 Favara,137.00,,327554.35
2026/12/04,2026/12/04,Favara Credit,"=""RBCLW8OW6OQ9GMYF66""","=""FT5EG6Q8IJ979HSL7S""",Freelance Client 2,"=""Freelance Client 2""",04-12-2026 09-00-00 Favara,,190.17,327744.52
2026/12/05,2026/12/05,Favara Credit,"=""RBR3YJUZALKT7BW9Y3""","=""FTDAD69FCCT1KKZ9MZ""",Ali Shaheed,"=""Ali Shaheed""",05-12-2026 01-00-00 Favara,,243.34,327987.86
2026/12/05,2026/12/05,Transfer Credit,"=""RB3H9YTY2H95ME2R94""","=""FT2CRSNYJFSINRTUL9""",Hussain Shafeeq,"=""Hussain Shafeeq""",05-12-2026 17-00-00 Internet Banking,,296.51,328284.37
2026/12/06,2026/12/06,Transfer Debit,"=""RBTMFDT3DD9D0PZQA2""","=""FTOT7KO6JGJFFUSP1S""",Digitopia Pvt Ltd,"=""Digitopia Pvt Ltd""",06-12-2026 09-00-00 Internet Banking,349.68,,327934.69
2026/12/07,2026/12/07,Favara Debit,"=""RBQRWVW0EV4EOV4NOT""","=""FTG8P5QE8FPF753RW4""",My Other Bank Account,"=""My Other Bank Account""",07-12-2026 01-00-00 Favara,402.85,,327531.84
2026/12/07,2026/12/07,Favara Credit,"=""RBRF2VSKX57XDXA7TO""","=""FT47D7BXVUCR3GQPCX""",My Other Bank Account,"=""My Other Bank Account""",07-12-2026 17-00-00 Favara,,456.02,327987.86
2026/12/08,2026/12/08,Purchase,"=""RBSJQG4V5BQJVHF81U""","=""FTDBFF2U1HWHLUR5F8""",08-12-2026,"=""Red Banana""",08-12-2026 09-00-00,34.19,,327953.67
2026/12/09,2026/12/09,Purchase,"=""RBMN0MDCFZ14VG9QTQ""","=""FTZU8D4JH4OJ0473RB""",09-12-2026,"=""Avas Ride""",09-12-2026 01-00-00,87.36,,327866.31
2026/12/09,2026/12/09,Purchase,"=""RBMYGZ0AEX0VKB9BB5""","=""FTAYOBQ4BHKZAE0O4P""",09-12-2026,"=""AliExpress""",09-12-2026 17-00-00,139.00,,327727.31
2026/12/10,2026/12/10,Purchase,"=""RB2N0BNPA2FF5BRMAV""","=""FT2O0P74F4ZNIZNNLV""",10-12-2026,"=""MPGOOGLE Google One""",10-12-2026 09-00-00,192.17,,327535.14
2026/12/11,2026/12/11,Bill Payment,"=""RBY1BRH21FA91XQRTK""","=""FTAO85ZJVIO2AGIFM4""",11-12-2026,"=""Dhiraagu BILLPAY""",11-12-2026 01-00-00,245.34,,327289.80
2026/12/11,2026/12/11,Salary,"=""RB0O8Q2D02JU00XVZL""","=""FTWUC1B2KTTOYW3FF2""",Synthetic Employer Pvt Ltd,"=""Synthetic Employer Pvt Ltd""",11-12-2026 17-00-00,,10052.00,337341.80
2026/12/12,2026/12/12,ATM Withdrawal,"=""RBOPIWBC3FH02PA10F""","=""FTMHR1BDJ5TQ6N0WOT""",ATM Cash Withdrawal,"=""ATM Cash Withdrawal""",12-12-2026 09-00-00,351.68,,336990.12
2026/12/13,2026/12/13,Credit Card Payment,"=""RB9VQMNQCINK7ZAVEZ""","=""FTT1X20ZQKI8OAAM7G""",BML Credit Card Payment,"=""BML Credit Card Payment""",13-12-2026 01-00-00,404.85,,336585.27
2026/12/13,2026/12/13,Favara Debit,"=""RBL1NJP7T0B6YJXDX3""","=""FTD7P394Y31JWQXVNK""",Ali Shaheed,"=""Ali Shaheed""",13-12-2026 17-00-00 Favara,458.02,,336127.25
2026/12/14,2026/12/14,Transfer Debit,"=""RBWWQVE0GGIREQZY1Y""","=""FTLTN7POY2VZS4NITJ""",Mariyam Naaz,"=""Mariyam Naaz""",14-12-2026 09-00-00 Internet Banking,36.19,,336091.06
2026/12/15,2026/12/15,Favara Debit,"=""RBIXDV8193SI03TGJR""","=""FTS6MYIEL8QL4TW2MM""",Fathimath Leeza,"=""Fathimath Leeza""",15-12-2026 01-00-00 Favara,89.36,,336001.70
2026/12/15,2026/12/15,Favara Credit,"=""RBO4KICDDWCIBY2T8Z""","=""FTE93UNUAKS0SGFI9O""",Freelance Client 3,"=""Freelance Client 3""",15-12-2026 17-00-00 Favara,,141.00,336142.70
2026/12/16,2026/12/16,Favara Credit,"=""RBNAZFFDXE40VPKWXU""","=""FT7IX02CXUXMS3I8NS""",Mariyam Naaz,"=""Mariyam Naaz""",16-12-2026 09-00-00 Favara,,194.17,336336.87
2026/12/17,2026/12/17,Transfer Credit,"=""RBLY36QFMH2Y56EVIH""","=""FTENPC24FQHVU4IEK1""",Ali Shaheed,"=""Ali Shaheed""",17-12-2026 01-00-00 Internet Banking,,247.34,336584.21
2026/12/17,2026/12/17,Transfer Debit,"=""RBNQCIXB0DHI2Y9ZMN""","=""FTR3I7KDR13P5FIZ4R""",Echbees LLP,"=""Echbees LLP""",17-12-2026 17-00-00 Internet Banking,300.51,,336283.70
2026/12/18,2026/12/18,Favara Debit,"=""RBHDU32FOZ1ECBJ4G0""","=""FTE3Z5K4FX1I6UNEH4""",My Other Bank Account,"=""My Other Bank Account""",18-12-2026 09-00-00 Favara,353.68,,335930.02
2026/12/19,2026/12/19,Favara Credit,"=""RBIK2C5PBHZP2PWB33""","=""FTTV6H07SC6QONN80Y""",My Other Bank Account,"=""My Other Bank Account""",19-12-2026 01-00-00 Favara,,406.85,336336.87
2026/12/19,2026/12/19,Purchase,"=""RBXTGF2B9HMUWNFKS9""","=""FTLGO75FQE0JA00YSL""",19-12-2026,"=""Villa Mart""",19-12-2026 17-00-00,460.02,,335876.85
2026/12/20,2026/12/20,Purchase,"=""RBUZK4RT0V40SNTCNJ""","=""FTK2D368KEPCUEDG43""",20-12-2026,"=""Avas Ride""",20-12-2026 09-00-00,38.19,,335838.66
2026/12/21,2026/12/21,Purchase,"=""RBR9GW25TL9WR1MVHA""","=""FTBSND04E51SZLRBGP""",21-12-2026,"=""AliExpress""",21-12-2026 01-00-00,91.36,,335747.30
2026/12/21,2026/12/21,Purchase,"=""RBDI5B0VWYE27F0OP5""","=""FTGFYMHHBI8F50DJDT""",21-12-2026,"=""MPGOOGLE YouTube Premium""",21-12-2026 17-00-00,143.00,,335604.30
2026/12/22,2026/12/22,Bill Payment,"=""RBK8KOKUBL172EBG9H""","=""FTTAIDEAS07O5FYZD4""",22-12-2026,"=""STELCO BILLPAY""",22-12-2026 09-00-00,196.17,,335408.13
2026/12/23,2026/12/23,Salary,"=""RB427IRI385IA09391""","=""FTPWABPKK7PANMR9JS""",Synthetic Employer Pvt Ltd,"=""Synthetic Employer Pvt Ltd""",23-12-2026 01-00-00,,11701.00,347109.13
2026/12/23,2026/12/23,ATM Withdrawal,"=""RBWWR1ERXCLXNMXC4R""","=""FT5KB5BIX7ZZE9QV68""",ATM Cash Withdrawal,"=""ATM Cash Withdrawal""",23-12-2026 17-00-00,302.51,,346806.62
2026/12/24,2026/12/24,Credit Card Payment,"=""RB1ZY7OY1JSJRHN3LG""","=""FTLUTRZOR9R7KG8007""",BML Credit Card Payment,"=""BML Credit Card Payment""",24-12-2026 09-00-00,355.68,,346450.94
2026/12/25,2026/12/25,Favara Debit,"=""RB6PU1GFZ0UGJZQMSW""","=""FT6MJU675TIWHJKNKK""",Mariyam Naaz,"=""Mariyam Naaz""",25-12-2026 01-00-00 Favara,408.85,,346042.09
2026/12/25,2026/12/25,Transfer Debit,"=""RBB9WGMKJXJEHZBTDD""","=""FT41WJ5N0PUAW34MPY""",Fathimath Leeza,"=""Fathimath Leeza""",25-12-2026 17-00-00 Internet Banking,462.02,,345580.07
2026/12/26,2026/12/26,Favara Debit,"=""RBT8X3C4KEM6FTTU7H""","=""FTELLDD2UUIP2B20B7""",Ahmed Rasheed,"=""Ahmed Rasheed""",26-12-2026 09-00-00 Favara,40.19,,345539.88
2026/12/27,2026/12/27,Favara Credit,"=""RB3FYLLTBLJRLTE5SR""","=""FTU92TTC6DS9IAZWZW""",Freelance Client 4,"=""Freelance Client 4""",27-12-2026 01-00-00 Favara,,93.36,345633.24
2026/12/27,2026/12/27,Favara Credit,"=""RBM04E7RXKRBIWQ4PP""","=""FTQOCOYWT7HERS6C2Y""",Fathimath Leeza,"=""Fathimath Leeza""",27-12-2026 17-00-00 Favara,,145.00,345778.24
2026/12/28,2026/12/28,Transfer Credit,"=""RBSZ4OVVAF8HVN4KHG""","=""FTIRGCTNIJD5YHJZSR""",Mariyam Naaz,"=""Mariyam Naaz""",28-12-2026 09-00-00 Internet Banking,,198.17,345976.41
2026/12/29,2026/12/29,Transfer Debit,"=""RBLY6SW9FX3IDV1GPR""","=""FTO9IH0OREJ1WHWS02""",Coral Works LLP,"=""Coral Works LLP""",29-12-2026 01-00-00 Internet Banking,251.34,,345725.07
2026/12/29,2026/12/29,Favara Debit,"=""RBB1VILEQ4Q2PEODNO""","=""FTMHN2NQPHI7CNTSQK""",My Other Bank Account,"=""My Other Bank Account""",29-12-2026 17-00-00 Favara,304.51,,345420.56
2026/12/30,2026/12/30,Favara Credit,"=""RBNKHX7OLCCYC2COXU""","=""FTUZR6WOG2P6GO6XYN""",My Other Bank Account,"=""My Other Bank Account""",30-12-2026 09-00-00 Favara,,357.68,345778.24
2026/12/31,2026/12/31,Purchase,"=""RB4DPJIWZ5T0L1BMZR""","=""FTOK0320QIRVSAVB5N""",31-12-2026,"=""Coral Cafe""",31-12-2026 01-00-00,410.85,,345367.39
2026/12/31,2026/12/31,Purchase,"=""RBJ9U8DPO7C9O6P0A6""","=""FTX4RYLQ0TPMEOCM61""",31-12-2026,"=""Avas Ride""",31-12-2026 17-00-00,464.02,,344903.37
2027/01/01,2027/01/01,Purchase,"=""RBVY400CCW924JPVG4""","=""FTTQDEHNVAQYJFNVCN""",01-01-2027,"=""AliExpress""",01-01-2027 09-00-00,42.19,,344861.18
2027/01/02,2027/01/02,Purchase,"=""RBX8MXZ9PNYFF1K5ES""","=""FTLAONOQ3C2GPU5QOZ""",02-01-2027,"=""MPGOOGLE Google One""",02-01-2027 01-00-00,95.36,,344765.82
2027/01/02,2027/01/02,Bill Payment,"=""RB4R8NMOIBZZFFLTN8""","=""FTW47FI4R6YV3XD88B""",02-01-2027,"=""Dhiraagu BILLPAY""",02-01-2027 17-00-00,147.00,,344618.82
2027/01/03,2027/01/03,Salary,"=""RBZMUWPD83YU36J8YZ""","=""FTFR3R5TPPZOVU1IC2""",Synthetic Employer Pvt Ltd,"=""Synthetic Employer Pvt Ltd""",03-01-2027 09-00-00,,13350.00,357968.82
2027/01/04,2027/01/04,ATM Withdrawal,"=""RBQ5P0J6B21G2KFJD5""","=""FTZDVJ7PW126AMMWE8""",ATM Cash Withdrawal,"=""ATM Cash Withdrawal""",04-01-2027 01-00-00,253.34,,357715.48
2027/01/04,2027/01/04,Credit Card Payment,"=""RBXLX8AZF6YLMUCJ3O""","=""FTV2I1WHLX2EKF4IDW""",BML Credit Card Payment,"=""BML Credit Card Payment""",04-01-2027 17-00-00,306.51,,357408.97
2027/01/05,2027/01/05,Favara Debit,"=""RBVF5I7Y3J2JHFS0S8""","=""FTRIJPOQ99JIYDJG3H""",Fathimath Leeza,"=""Fathimath Leeza""",05-01-2027 09-00-00 Favara,359.68,,357049.29
2027/01/06,2027/01/06,Transfer Debit,"=""RBC1E33ENEVJ29V27K""","=""FTRDUO1A28BEE5M1TV""",Ahmed Rasheed,"=""Ahmed Rasheed""",06-01-2027 01-00-00 Internet Banking,412.85,,356636.44
2027/01/06,2027/01/06,Favara Debit,"=""RBC7VGT4NM8LKR7PM1""","=""FTIGQL922605HGIRMB""",Hussain Shafeeq,"=""Hussain Shafeeq""",06-01-2027 17-00-00 Favara,466.02,,356170.42
2027/01/07,2027/01/07,Favara Credit,"=""RBUNDJ5D1L177MB47L""","=""FTQ26G08MUUTB47L90""",Freelance Client 1,"=""Freelance Client 1""",07-01-2027 09-00-00 Favara,,44.19,356214.61
2027/01/08,2027/01/08,Favara Credit,"=""RBF2SMRM2EE6V087RS""","=""FTC6AN5H1AJD27Y8C1""",Ahmed Rasheed,"=""Ahmed Rasheed""",08-01-2027 01-00-00 Favara,,97.36,356311.97
2027/01/08,2027/01/08,Transfer Credit,"=""RB017VDRK4BYOSIW44""","=""FT1P0MEFIGIKY1G4G1""",Fathimath Leeza,"=""Fathimath Leeza""",08-01-2027 17-00-00 Internet Banking,,149.00,356460.97
2027/01/09,2027/01/09,Transfer Debit,"=""RBPYCSZYDEA9JZ5R7E""","=""FTO3NBERB1W7S1C4ZY""",Digitopia Pvt Ltd,"=""Digitopia Pvt Ltd""",09-01-2027 09-00-00 Internet Banking,202.17,,356258.80
2027/01/10,2027/01/10,Favara Debit,"=""RBN5NHA3IX218OMQBM""","=""FTJKU64RIYH5TE0X9J""",My Other Bank Account,"=""My Other Bank Account""",10-01-2027 01-00-00 Favara,255.34,,356003.46
2027/01/10,2027/01/10,Favara Credit,"=""RB3KBDYWXIBBDZSS6G""","=""FTY8MQOSS7Z2QJBNR1""",My Other Bank Account,"=""My Other Bank Account""",10-01-2027 17-00-00 Favara,,308.51,356311.97
2027/01/11,2027/01/11,Purchase,"=""RBIZHJTSV36OHUVVPD""","=""FTC4AHMD78XGUSFTSN""",11-01-2027,"=""Red Banana""",11-01-2027 09-00-00,361.68,,355950.29
2027/01/12,2027/01/12,Purchase,"=""RBMLLUZCNY56MIJB0G""","=""FTGBULYK4M1059Z93U""",12-01-2027,"=""Avas Ride""",12-01-2027 01-00-00,414.85,,355535.44
2027/01/12,2027/01/12,Purchase,"=""RBS09147T5S2Y3WCMY""","=""FTKGM0PH8W0MSFRE8E""",12-01-2027,"=""AliExpress""",12-01-2027 17-00-00,468.02,,355067.42
2027/01/13,2027/01/13,Purchase,"=""RB2OW6OB0LUTK0XISB""","=""FTJWAIKNNWIJY5UVMI""",13-01-2027,"=""MPGOOGLE YouTube Premium""",13-01-2027 09-00-00,46.19,,355021.23
2027/01/14,2027/01/14,Bill Payment,"=""RBU3DYX0HLBPGI9BJE""","=""FTNHZWEYAT7CP8FGUA""",14-01-2027,"=""STELCO BILLPAY""",14-01-2027 01-00-00,99.36,,354921.87
2027/01/14,2027/01/14,Salary,"=""RBFPSZMKYZF7DHVW2U""","=""FTHGOHRZ40UZ50TECX""",Synthetic Employer Pvt Ltd,"=""Synthetic Employer Pvt Ltd""",14-01-2027 17-00-00,,14999.00,369920.87
2027/01/15,2027/01/15,ATM Withdrawal,"=""RBII9JY3BF2A861V2H""","=""FT88JUSDCWJGCXZU5Y""",ATM Cash Withdrawal,"=""ATM Cash Withdrawal""",15-01-2027 09-00-00,204.17,,369716.70
2027/01/16,2027/01/16,Credit Card Payment,"=""RBVFEU7LZEEB3WOM7P""","=""FTFQ9ZF5EY4JFLE4PD""",BML Credit Card Payment,"=""BML Credit Card Payment""",16-01-2027 01-00-00,257.34,,369459.36
2027/01/16,2027/01/16,Favara Debit,"=""RBIEANWL9ZY8CMBIVQ""","=""FTYJVHZC2I8ZLJKB4H""",Ahmed Rasheed,"=""Ahmed Rasheed""",16-01-2027 17-00-00 Favara,310.51,,369148.85
2027/01/17,2027/01/17,Transfer Debit,"=""RBRXJ8H6I5OSKT9P7L""","=""FTXUQL9N1REIBC9HQD""",Hussain Shafeeq,"=""Hussain Shafeeq""",17-01-2027 09-00-00 Internet Banking,363.68,,368785.17
2027/01/18,2027/01/18,Favara Debit,"=""RBSUGHZGRWCYKJP75G""","=""FTYSTRNZNDQTZNP30M""",Ali Shaheed,"=""Ali Shaheed""",18-01-2027 01-00-00 Favara,416.85,,368368.32
2027/01/18,2027/01/18,Favara Credit,"=""RBSQ3UZ7V9EBDW81CZ""","=""FTHZYWJVCWZDUYCPHW""",Freelance Client 2,"=""Freelance Client 2""",18-01-2027 17-00-00 Favara,,470.02,368838.34
2027/01/19,2027/01/19,Favara Credit,"=""RBIMRFNOPSXILRPKON""","=""FTSE7MF73ELIKQ0XCY""",Hussain Shafeeq,"=""Hussain Shafeeq""",19-01-2027 09-00-00 Favara,,48.19,368886.53
2027/01/20,2027/01/20,Transfer Credit,"=""RBUF3WFPQ5Z5ID91A1""","=""FT92X6IWBOOMXL1ZLB""",Ahmed Rasheed,"=""Ahmed Rasheed""",20-01-2027 01-00-00 Internet Banking,,101.36,368987.89
2027/01/20,2027/01/20,Transfer Debit,"=""RB8ZY3EKNSJVI0RCSL""","=""FTQV1K0X3315EIJD0X""",Echbees LLP,"=""Echbees LLP""",20-01-2027 17-00-00 Internet Banking,153.00,,368834.89
2027/01/21,2027/01/21,Favara Debit,"=""RBXKP3DQUTYYXABXBC""","=""FTFCP4PHZ28VL16QVT""",My Other Bank Account,"=""My Other Bank Account""",21-01-2027 09-00-00 Favara,206.17,,368628.72
2027/01/22,2027/01/22,Favara Credit,"=""RBKK45710A5ZBQ5QWI""","=""FTW6NBZRU1L54EZU50""",My Other Bank Account,"=""My Other Bank Account""",22-01-2027 01-00-00 Favara,,259.34,368888.06
2027/01/22,2027/01/22,Purchase,"=""RBITC3P5WKKCD4UCBN""","=""FTIJAGJ5NMO8QRWF10""",22-01-2027,"=""Villa Mart""",22-01-2027 17-00-00,312.51,,368575.55
2027/01/23,2027/01/23,Purchase,"=""RB0B3DKMN7V0A5JNNC""","=""FT7W2F41L3FFK0T8NK""",23-01-2027,"=""Avas Ride""",23-01-2027 09-00-00,365.68,,368209.87
2027/01/24,2027/01/24,Purchase,"=""RBF7IXAPPJWZQEJSJ0""","=""FTZ459NAV61C4GCTOJ""",24-01-2027,"=""AliExpress""",24-01-2027 01-00-00,418.85,,367791.02
2027/01/24,2027/01/24,Purchase,"=""RBUYKFL0SU7S2GBAXE""","=""FTKON8HBVP14BJIJTW""",24-01-2027,"=""MPGOOGLE Google One""",24-01-2027 17-00-00,472.02,,367319.00
2027/01/25,2027/01/25,Bill Payment,"=""RBJ7T1OTYP2GUCPLKA""","=""FTMRT826YXHILKDCLG""",25-01-2027,"=""Dhiraagu BILLPAY""",25-01-2027 09-00-00,50.19,,367268.81
2027/01/26,2027/01/26,Salary,"=""RB4QU3OS4MKC75W7LX""","=""FTYDQ6T8JHN0ZK1752""",Synthetic Employer Pvt Ltd,"=""Synthetic Employer Pvt Ltd""",26-01-2027 01-00-00,,11648.00,378916.81
2027/01/26,2027/01/26,ATM Withdrawal,"=""RBC4Y9FBU8T1PPQB23""","=""FTQEBPKAH8Q84Z9YC7""",ATM Cash Withdrawal,"=""ATM Cash Withdrawal""",26-01-2027 17-00-00,155.00,,378761.81
2027/01/27,2027/01/27,Credit Card Payment,"=""RBCUX8VTUMCHGLQ6FV""","=""FT9VOP8TRQ59GZRC7I""",BML Credit Card Payment,"=""BML Credit Card Payment""",27-01-2027 09-00-00,208.17,,378553.64
2027/01/28,2027/01/28,Favara Debit,"=""RBL1OCNBBZ6WB4EH01""","=""FTOJ6KDTZL7ARO92KI""",Hussain Shafeeq,"=""Hussain Shafeeq""",28-01-2027 01-00-00 Favara,261.34,,378292.30
2027/01/28,2027/01/28,Transfer Debit,"=""RBQ47UF1FMZWHZG2N2""","=""FTS4LGKSRNN4WFKQD6""",Ali Shaheed,"=""Ali Shaheed""",28-01-2027 17-00-00 Internet Banking,314.51,,377977.79
2027/01/29,2027/01/29,Favara Debit,"=""RBGNCIJ2HQ9JNBPO5A""","=""FTJRONI8BDKZNRYECQ""",Mariyam Naaz,"=""Mariyam Naaz""",29-01-2027 09-00-00 Favara,367.68,,377610.11
2027/01/30,2027/01/30,Favara Credit,"=""RBKC802YMOHNY8GPD2""","=""FTN7Q7UOB5QJZD2KY7""",Freelance Client 3,"=""Freelance Client 3""",30-01-2027 01-00-00 Favara,,420.85,378030.96
2027/01/30,2027/01/30,Favara Credit,"=""RBIIGMYRIAY3MEX39R""","=""FT8TEVINW3VSJAL85J""",Ali Shaheed,"=""Ali Shaheed""",30-01-2027 17-00-00 Favara,,474.02,378504.98
2027/01/31,2027/01/31,Transfer Credit,"=""RB6F23AQWYQSISNMKY""","=""FTN6INPRW0E6N1MTKM""",Hussain Shafeeq,"=""Hussain Shafeeq""",31-01-2027 09-00-00 Internet Banking,,52.19,378557.17
2027/02/01,2027/02/01,Transfer Debit,"=""RBFI8PZLDO2I9MYOUA""","=""FT1DSCYBXDZLAGLWRQ""",Coral Works LLP,"=""Coral Works LLP""",01-02-2027 01-00-00 Internet Banking,105.36,,378451.81
2027/02/01,2027/02/01,Favara Debit,"=""RB05UHIWZLTSGFV92R""","=""FTXAGQD2Z7CW07Y2NA""",My Other Bank Account,"=""My Other Bank Account""",01-02-2027 17-00-00 Favara,157.00,,378294.81
2027/02/02,2027/02/02,Favara Credit,"=""RBTL4IVQZYV6HIWN8B""","=""FTOVIUA9O8JSYHJWTE""",My Other Bank Account,"=""My Other Bank Account""",02-02-2027 09-00-00 Favara,,210.17,378504.98
2027/02/03,2027/02/03,Purchase,"=""RB52ZNF1ZRS23RBELT""","=""FTSHS6SGV6M2UBK7LV""",03-02-2027,"=""Coral Cafe""",03-02-2027 01-00-00,263.34,,378241.64
2027/02/03,2027/02/03,Purchase,"=""RBMWD7P2OWG3LTWCRE""","=""FT0VVW4SMAUD86QJ7K""",03-02-2027,"=""Avas Ride""",03-02-2027 17-00-00,316.51,,377925.13
2027/02/04,2027/02/04,Purchase,"=""RBHNVELTZ6XKEYPV0D""","=""FTCOT9TUJA5BJEIFK5""",04-02-2027,"=""AliExpress""",04-02-2027 09-00-00,369.68,,377555.45
2027/02/05,2027/02/05,Purchase,"=""RBT7M4X0ULLFRM9TYA""","=""FT7FVBZUPG8OBYOX9G""",05-02-2027,"=""MPGOOGLE YouTube Premium""",05-02-2027 01-00-00,422.85,,377132.60
2027/02/05,2027/02/05,Bill Payment,"=""RBMTORVDOBSG1W98P7""","=""FTCNKQV644KTPZFM9Z""",05-02-2027,"=""STELCO BILLPAY""",05-02-2027 17-00-00,476.02,,376656.58
2027/02/06,2027/02/06,Salary,"=""RBEQEZ8LCOLJ1DP453""","=""FTNWMUERIBQ4GTLWWS""",Synthetic Employer Pvt Ltd,"=""Synthetic Employer Pvt Ltd""",06-02-2027 09-00-00,,13297.00,389953.58
2027/02/07,2027/02/07,ATM Withdrawal,"=""RB6P04HAH96OX4Y5MW""","=""FT5U8TGOYCFEX0PAGD""",ATM Cash Withdrawal,"=""ATM Cash Withdrawal""",07-02-2027 01-00-00,107.36,,389846.22
2027/02/07,2027/02/07,Credit Card Payment,"=""RBO7C61KVBRNXZA2E5""","=""FTVRJOA38P18IDCVM4""",BML Credit Card Payment,"=""BML Credit Card Payment""",07-02-2027 17-00-00,159.00,,389687.22
2027/02/08,2027/02/08,Favara Debit,"=""RBDK928PXLMPCAC0YI""","=""FTOV93WDUS4HIYB5U8""",Ali Shaheed,"=""Ali Shaheed""",08-02-2027 09-00-00 Favara,212.17,,389475.05
2027/02/09,2027/02/09,Transfer Debit,"=""RBXTVKQMUWXODG9TI6""","=""FTGX37TUOIRF3R03VD""",Mariyam Naaz,"=""Mariyam Naaz""",09-02-2027 01-00-00 Internet Banking,265.34,,389209.71
2027/02/09,2027/02/09,Favara Debit,"=""RBNCF2PVKKTATVDDR8""","=""FT4K930YBIW1C3EVQX""",Fathimath Leeza,"=""Fathimath Leeza""",09-02-2027 17-00-00 Favara,318.51,,388891.20
2027/02/10,2027/02/10,Favara Credit,"=""RB2YXT8FWG9KNUO6V4""","=""FTBJQBBPK7NGQIRZAE""",Freelance Client 4,"=""Freelance Client 4""",10-02-2027 09-00-00 Favara,,371.68,389262.88
2027/02/11,2027/02/11,Favara Credit,"=""RB47YA1KKUW181YQ80""","=""FTO1R7FP4UR412LIJA""",Mariyam Naaz,"=""Mariyam Naaz""",11-02-2027 01-00-00 Favara,,424.85,389687.73
2027/02/11,2027/02/11,Transfer Credit,"=""RBOXUD2MKVKICXQLDE""","=""FTVO9A3V1DE7XD38RV""",Ali Shaheed,"=""Ali Shaheed""",11-02-2027 17-00-00 Internet Banking,,478.02,390165.75
2027/02/12,2027/02/12,Transfer Debit,"=""RBGO5RIQKEANI9ST43""","=""FTLJ67WK9L75T9LOZI""",Digitopia Pvt Ltd,"=""Digitopia Pvt Ltd""",12-02-2027 09-00-00 Internet Banking,56.19,,390109.56
2027/02/13,2027/02/13,Favara Debit,"=""RB5GSGGXWC5EJJTIIF""","=""FTSP9FHQGLA3ZU0V6V""",My Other Bank Account,"=""My Other Bank Account""",13-02-2027 01-00-00 Favara,109.36,,390000.20
2027/02/13,2027/02/13,Favara Credit,"=""RBC7YNOZQ29ME2G4D0""","=""FT6U5QZGZGH20XTT39""",My Other Bank Account,"=""My Other Bank Account""",13-02-2027 17-00-00 Favara,,161.00,390161.20
2027/02/14,2027/02/14,Purchase,"=""RBQQEQIZQVXJZPVLYI""","=""FT51Q5K2INZ71ZEIYK""",14-02-2027,"=""Red Banana""",14-02-2027 09-00-00,214.17,,389947.03
2027/02/15,2027/02/15,Purchase,"=""RB6HY8XPLZMFXERPH3""","=""FTMAG26B4TQCJ1823W""",15-02-2027,"=""Avas Ride""",15-02-2027 01-00-00,267.34,,389679.69
2027/02/15,2027/02/15,Purchase,"=""RBU7I2U4FXSO7P174K""","=""FTUDK57CJEWARUXCAX""",15-02-2027,"=""AliExpress""",15-02-2027 17-00-00,320.51,,389359.18
2027/02/16,2027/02/16,Purchase,"=""RBP7RP8BNJN0GJ9FH8""","=""FTPVZ85CK95JEQGFS6""",16-02-2027,"=""MPGOOGLE Google One""",16-02-2027 09-00-00,373.68,,388985.50
2027/02/17,2027/02/17,Bill Payment,"=""RB3GJV3M5HTIF5BNUZ""","=""FT1YGXUPL49G1NUIXV""",17-02-2027,"=""Dhiraagu BILLPAY""",17-02-2027 01-00-00,426.85,,388558.65
2027/02/17,2027/02/17,Salary,"=""RBZ16H5KSA7RZ6MHQW""","=""FTJNQYQUCIBFTA345G""",Synthetic Employer Pvt Ltd,"=""Synthetic Employer Pvt Ltd""",17-02-2027 17-00-00,,14946.00,403504.65
2027/02/18,2027/02/18,ATM Withdrawal,"=""RB8Q1L6CPF23SF7SNA""","=""FTVFSDBB6VAQYOQLDQ""",ATM Cash Withdrawal,"=""ATM Cash Withdrawal""",18-02-2027 09-00-00,58.19,,403446.46
2027/02/19,2027/02/19,Credit Card Payment,"=""RB2GKVSMDCHUZJKA0T""","=""FTWGRE5K8GSLCQBUF1""",BML Credit Card Payment,"=""BML Credit Card Payment""",19-02-2027 01-00-00,111.36,,403335.10
2027/02/19,2027/02/19,Favara Debit,"=""RB9N7AU706VHU19HXD""","=""FT3QAXFU5K9IMXMM2V""",Mariyam Naaz,"=""Mariyam Naaz""",19-02-2027 17-00-00 Favara,163.00,,403172.10
2027/02/20,2027/02/20,Transfer Debit,"=""RB6UFBLCKYZWNFVK77""","=""FT5U6IKWU6I2S7EVIK""",Fathimath Leeza,"=""Fathimath Leeza""",20-02-2027 09-00-00 Internet Banking,216.17,,402955.93
2027/02/21,2027/02/21,Favara Debit,"=""RBP55B2GTCHR8FHNQB""","=""FTSK173TP6W0LVCVAI""",Ahmed Rasheed,"=""Ahmed Rasheed""",21-02-2027 01-00-00 Favara,269.34,,402686.59
2027/02/21,2027/02/21,Favara Credit,"=""RBHOPUY7U1TO18IACP""","=""FTO171B392XSDWVJ35""",Freelance Client 1,"=""Freelance Client 1""",21-02-2027 17-00-00 Favara,,322.51,403009.10
2027/02/22,2027/02/22,Favara Credit,"=""RBP591N3O293S9DRPK""","=""FT9S1KAJVV9IYIRLDT""",Fathimath Leeza,"=""Fathimath Leeza""",22-02-2027 09-00-00 Favara,,375.68,403384.78
2027/02/23,2027/02/23,Transfer Credit,"=""RBBMV0STGBMJ7Y31LO""","=""FTNR6W5XNJRW0XUAF5""",Mariyam Naaz,"=""Mariyam Naaz""",23-02-2027 01-00-00 Internet Banking,,428.85,403813.63
2027/02/23,2027/02/23,Transfer Debit,"=""RBW24Q75M49P918Q3U""","=""FT82MCPB0U3EDSPCVC""",Echbees LLP,"=""Echbees LLP""",23-02-2027 17-00-00 Internet Banking,482.02,,403331.61
2027/02/24,2027/02/24,Favara Debit,"=""RB4ZQYDHYQM9X68S9O""","=""FTRWCWQGB7X2HVV1YO""",My Other Bank Account,"=""My Other Bank Account""",24-02-2027 09-00-00 Favara,60.19,,403271.42
2027/02/25,2027/02/25,Favara Credit,"=""RBEGLIU5Y1W3U2MKTY""","=""FTCJC9IP5FFW9AXZQC""",My Other Bank Account,"=""My Other Bank Account""",25-02-2027 01-00-00 Favara,,113.36,403384.78
2027/02/25,2027/02/25,Purchase,"=""RBBQ4LJGYV5LU7S81W""","=""FTT6OTUV0P4RKLHV88""",25-02-2027,"=""Villa Mart""",25-02-2027 17-00-00,165.00,,403219.78
2027/02/26,2027/02/26,Purchase,"=""RBIOY4NPRY0U1Z83HR""","=""FTC8UXGJVG1QF4A406""",26-02-2027,"=""Avas Ride""",26-02-2027 09-00-00,218.17,,403001.61
2027/02/27,2027/02/27,Purchase,"=""RBNGLQ6F1OOIDGEFJZ""","=""FT6HGTOQF3C35AS83Q""",27-02-2027,"=""AliExpress""",27-02-2027 01-00-00,271.34,,402730.27
2027/02/27,2027/02/27,Purchase,"=""RBKMESONF8X9RDMLRQ""","=""FT4LAIE8KTG3ITK5CG""",27-02-2027,"=""MPGOOGLE YouTube Premium""",27-02-2027 17-00-00,324.51,,402405.76
2027/02/28,2027/02/28,Bill Payment,"=""RBOST5ITBM39U7KL11""","=""FT4ELEB7DE7003OB3C""",28-02-2027,"=""STELCO BILLPAY""",28-02-2027 09-00-00,377.68,,402028.08
2027/03/01,2027/03/01,Salary,"=""RBD93BZX8X6648IYFP""","=""FTR0N7BNVVB56OOO4I""",Synthetic Employer Pvt Ltd,"=""Synthetic Employer Pvt Ltd""",01-03-2027 01-00-00,,11595.00,413623.08
2027/03/01,2027/03/01,ATM Withdrawal,"=""RBLH81DAC8O9FENE4J""","=""FT1P42LMDEXJNHUZLW""",ATM Cash Withdrawal,"=""ATM Cash Withdrawal""",01-03-2027 17-00-00,484.02,,413139.06
2027/03/02,2027/03/02,Credit Card Payment,"=""RBFXGSL69KH0N9HMZT""","=""FTGCGJNXWIUKUVSJXU""",BML Credit Card Payment,"=""BML Credit Card Payment""",02-03-2027 09-00-00,62.19,,413076.87
2027/03/03,2027/03/03,Favara Debit,"=""RBFK1D7KB0C8MTGX0A""","=""FTUV0GV3E58OL22TY6""",Fathimath Leeza,"=""Fathimath Leeza""",03-03-2027 01-00-00 Favara,115.36,,412961.51
2027/03/03,2027/03/03,Transfer Debit,"=""RBP4U4N5KU4QEN5LXL""","=""FT2LB590KXR94KC82S""",Ahmed Rasheed,"=""Ahmed Rasheed""",03-03-2027 17-00-00 Internet Banking,167.00,,412794.51
2027/03/04,2027/03/04,Favara Debit,"=""RBFQW9RVSQD30Y5NFI""","=""FTECG0IXGE3CC3SZ7Z""",Hussain Shafeeq,"=""Hussain Shafeeq""",04-03-2027 09-00-00 Favara,220.17,,412574.34
2027/03/05,2027/03/05,Favara Credit,"=""RB531EGC7F6WS46J6V""","=""FT8EU4PZ2B0NDHHN2N""",Freelance Client 2,"=""Freelance Client 2""",05-03-2027 01-00-00 Favara,,273.34,412847.68
2027/03/05,2027/03/05,Favara Credit,"=""RBQMGJ3RGVAJVNZDPO""","=""FTZVFQHMOEAQVFXW4H""",Ahmed Rasheed,"=""Ahmed Rasheed""",05-03-2027 17-00-00 Favara,,326.51,413174.19
2027/03/06,2027/03/06,Transfer Credit,"=""RB7QYCL5HE2BT93RGA""","=""FTHWP6TBO612VK43D6""",Fathimath Leeza,"=""Fathimath Leeza""",06-03-2027 09-00-00 Internet Banking,,379.68,413553.87
2027/03/07,2027/03/07,Transfer Debit,"=""RB80AFWD3099HS38Y0""","=""FTSD561002DRERJWIN""",Coral Works LLP,"=""Coral Works LLP""",07-03-2027 01-00-00 Internet Banking,432.85,,413121.02
2027/03/07,2027/03/07,Favara Debit,"=""RBDD3YRN3WTIN08BTS""","=""FTNV7DKBX10BRBCPCG""",My Other Bank Account,"=""My Other Bank Account""",07-03-2027 17-00-00 Favara,486.02,,412635.00
2027/03/08,2027/03/08,Favara Credit,"=""RBUSEH3W1EQK7CJO6F""","=""FTF546ILGBKPKW5HPS""",My Other Bank Account,"=""My Other Bank Account""",08-03-2027 09-00-00 Favara,,64.19,412699.19
2027/03/09,2027/03/09,Purchase,"=""RB00LRZGG68X8GLSUL""","=""FTE1I1H0Z465AGAXV6""",09-03-2027,"=""Coral Cafe""",09-03-2027 01-00-00,117.36,,412581.83
2027/03/09,2027/03/09,Purchase,"=""RB0O6QAYK1D29AFO6S""","=""FT1ZO6ACJ8LD6D0BTI""",09-03-2027,"=""Avas Ride""",09-03-2027 17-00-00,169.00,,412412.83
2027/03/10,2027/03/10,Purchase,"=""RB43XXJCAQ2P2D6AAT""","=""FTAOF7JUMN4A7I0RWN""",10-03-2027,"=""AliExpress""",10-03-2027 09-00-00,222.17,,412190.66
2027/03/11,2027/03/11,Purchase,"=""RBCKKVRYWN247BMTNJ""","=""FTXXARL6EST89PB7FR""",11-03-2027,"=""MPGOOGLE Google One""",11-03-2027 01-00-00,275.34,,411915.32
2027/03/11,2027/03/11,Bill Payment,"=""RB3VNN758LEC86UBAR""","=""FTP0VI4HW8C77HH2K9""",11-03-2027,"=""Dhiraagu BILLPAY""",11-03-2027 17-00-00,328.51,,411586.81
2027/03/12,2027/03/12,Salary,"=""RB17FO9FX168GYEK0M""","=""FTDF8RE6N04UKZMKOL""",Synthetic Employer Pvt Ltd,"=""Synthetic Employer Pvt Ltd""",12-03-2027 09-00-00,,13244.00,424830.81
2027/03/13,2027/03/13,ATM Withdrawal,"=""RB8UTEFUV19ET7SCGH""","=""FTLCFPX94P0LL564BD""",ATM Cash Withdrawal,"=""ATM Cash Withdrawal""",13-03-2027 01-00-00,434.85,,424395.96
2027/03/13,2027/03/13,Credit Card Payment,"=""RBZ223LXN7RN3FE8J8""","=""FT2DS2I6S1RNSA63DF""",BML Credit Card Payment,"=""BML Credit Card Payment""",13-03-2027 17-00-00,488.02,,423907.94
2027/03/14,2027/03/14,Favara Debit,"=""RBU8Q3Y2MHRP47V5CW""","=""FTL4BBWW459F5YT99R""",Ahmed Rasheed,"=""Ahmed Rasheed""",14-03-2027 09-00-00 Favara,66.19,,423841.75
2027/03/15,2027/03/15,Transfer Debit,"=""RB4ARDJ36V8CYN9XPG""","=""FTX560F7XDPQYQUC37""",Hussain Shafeeq,"=""Hussain Shafeeq""",15-03-2027 01-00-00 Internet Banking,119.36,,423722.39
2027/03/15,2027/03/15,Favara Debit,"=""RBNZ5ES36EBOZQ0TGC""","=""FTOWTESQJALQ6E8T1S""",Ali Shaheed,"=""Ali Shaheed""",15-03-2027 17-00-00 Favara,171.00,,423551.39
2027/03/16,2027/03/16,Favara Credit,"=""RBWMPMQQ9RIKFOCI78""","=""FTUI7P98ARIZIBD2JT""",Freelance Client 3,"=""Freelance Client 3""",16-03-2027 09-00-00 Favara,,224.17,423775.56
2027/03/17,2027/03/17,Favara Credit,"=""RBZDZFKSBI29DIZQCW""","=""FT8FLV3I2TXBRWVHAN""",Hussain Shafeeq,"=""Hussain Shafeeq""",17-03-2027 01-00-00 Favara,,277.34,424052.90
2027/03/17,2027/03/17,Transfer Credit,"=""RB0MOIOO7VQQAA65OU""","=""FTEAIT533GA6C5UECV""",Ahmed Rasheed,"=""Ahmed Rasheed""",17-03-2027 17-00-00 Internet Banking,,330.51,424383.41
2027/03/18,2027/03/18,Transfer Debit,"=""RBM0IQD86PWBN7465F""","=""FTAQ841Q5WQAS7REEZ""",Digitopia Pvt Ltd,"=""Digitopia Pvt Ltd""",18-03-2027 09-00-00 Internet Banking,383.68,,423999.73
2027/03/19,2027/03/19,Favara Debit,"=""RBDA1SCKQZZ5ZXSMML""","=""FTQPR2PFOYX14F1KXB""",My Other Bank Account,"=""My Other Bank Account""",19-03-2027 01-00-00 Favara,436.85,,423562.88
2027/03/19,2027/03/19,Favara Credit,"=""RBNZJYN704IGM1WSC5""","=""FT1PENTM8EPPB6KSXE""",My Other Bank Account,"=""My Other Bank Account""",19-03-2027 17-00-00 Favara,,490.02,424052.90
2027/03/20,2027/03/20,Purchase,"=""RBMYLRDDB78D06ZQ6I""","=""FTH4TCXJV10FKNZ973""",20-03-2027,"=""Red Banana""",20-03-2027 09-00-00,68.19,,423984.71
2027/03/21,2027/03/21,Purchase,"=""RBB4VD0HVOAP1VAUY9""","=""FT4W0QQ2ZLGCZHZWRY""",21-03-2027,"=""Avas Ride""",21-03-2027 01-00-00,121.36,,423863.35
2027/03/21,2027/03/21,Purchase,"=""RBOODSAEPGHLX883AV""","=""FTCUI113XGGJAWFDX8""",21-03-2027,"=""AliExpress""",21-03-2027 17-00-00,173.00,,423690.35
2027/03/22,2027/03/22,Purchase,"=""RB75E2BSS3OX1YJF4I""","=""FT44GM3TSBDF55S11E""",22-03-2027,"=""MPGOOGLE YouTube Premium""",22-03-2027 09-00-00,226.17,,423464.18
2027/03/23,2027/03/23,Bill Payment,"=""RBWEQJF2B9WBYDEX4H""","=""FTJFBFTRRSD6PQ9KH5""",23-03-2027,"=""STELCO BILLPAY""",23-03-2027 01-00-00,279.34,,423184.84
2027/03/23,2027/03/23,Salary,"=""RB873THK4PZDLQG5G3""","=""FTQ81VJHXP9UY1CRQW""",Synthetic Employer Pvt Ltd,"=""Synthetic Employer Pvt Ltd""",23-03-2027 17-00-00,,14893.00,438077.84
2027/03/24,2027/03/24,ATM Withdrawal,"=""RBKZEJPYO0PD5JV4FE""","=""FTF9VQVY4DY81IYBDM""",ATM Cash Withdrawal,"=""ATM Cash Withdrawal""",24-03-2027 09-00-00,385.68,,437692.16
2027/03/25,2027/03/25,Credit Card Payment,"=""RBGP87H2P1EXZTKYWS""","=""FTDJ4WPR1FOHI9IU1W""",BML Credit Card Payment,"=""BML Credit Card Payment""",25-03-2027 01-00-00,438.85,,437253.31
2027/03/25,2027/03/25,Favara Debit,"=""RBE693OUCOW277SEA4""","=""FTVUII73OQPG9OUX5P""",Hussain Shafeeq,"=""Hussain Shafeeq""",25-03-2027 17-00-00 Favara,492.02,,436761.29
2027/03/26,2027/03/26,Transfer Debit,"=""RBF0NE9J9J5212JVEG""","=""FTD9TSLQZ1MVFB4RYP""",Ali Shaheed,"=""Ali Shaheed""",26-03-2027 09-00-00 Internet Banking,70.19,,436691.10
2027/03/27,2027/03/27,Favara Debit,"=""RBZL065R9HZZ4L2ZUZ""","=""FTT0WQ6L5K6ZDZPL5D""",Mariyam Naaz,"=""Mariyam Naaz""",27-03-2027 01-00-00 Favara,123.36,,436567.74
2027/03/27,2027/03/27,Favara Credit,"=""RB9PVA7BLPSNMX4ZK3""","=""FTP04LH2OQUEJYBU4K""",Freelance Client 4,"=""Freelance Client 4""",27-03-2027 17-00-00 Favara,,175.00,436742.74
2027/03/28,2027/03/28,Favara Credit,"=""RBEE8MKM57KMZTGA71""","=""FTW9YWHXKUM08Y4SPR""",Ali Shaheed,"=""Ali Shaheed""",28-03-2027 09-00-00 Favara,,228.17,436970.91
2027/03/29,2027/03/29,Transfer Credit,"=""RB7UWMO0F8BF6EOHEE""","=""FTES4N1P8SEQPSIDMF""",Hussain Shafeeq,"=""Hussain Shafeeq""",29-03-2027 01-00-00 Internet Banking,,281.34,437252.25
2027/03/29,2027/03/29,Transfer Debit,"=""RBWVXJPAOIYHIKU9BW""","=""FTZ342KQ8R81ISHVGW""",Echbees LLP,"=""Echbees LLP""",29-03-2027 17-00-00 Internet Banking,334.51,,436917.74
2027/03/30,2027/03/30,Favara Debit,"=""RBYDZX4NNYK4YQ5Q72""","=""FTZ6XHRIZKBX28MBU7""",My Other Bank Account,"=""My Other Bank Account""",30-03-2027 09-00-00 Favara,387.68,,436530.06
2027/03/31,2027/03/31,Favara Credit,"=""RBMBNJXZTMAPCKZRNW""","=""FTCP42QFXFG4KTCU0Z""",My Other Bank Account,"=""My Other Bank Account""",31-03-2027 01-00-00 Favara,,440.85,436970.91
2027/03/31,2027/03/31,Purchase,"=""RB7C23HHLT2TCCCFH8""","=""FT6I5Q01VCOH0XITQ1""",31-03-2027,"=""Villa Mart""",31-03-2027 17-00-00,494.02,,436476.89
2027/04/01,2027/04/01,Purchase,"=""RBO6G0HPSE3UYPCHUB""","=""FT1YCVDE4UFTPFFDRE""",01-04-2027,"=""Avas Ride""",01-04-2027 09-00-00,72.19,,436404.70
2027/04/02,2027/04/02,Purchase,"=""RBEFHCWUTBYZWD225F""","=""FT3J1W0XCG01P077XP""",02-04-2027,"=""AliExpress""",02-04-2027 01-00-00,125.36,,436279.34
2027/04/02,2027/04/02,Purchase,"=""RBYI900X025MUF6AQQ""","=""FT0FQJELT608BMVMTY""",02-04-2027,"=""MPGOOGLE Google One""",02-04-2027 17-00-00,177.00,,436102.34
2027/04/03,2027/04/03,Bill Payment,"=""RB4YGV8HCOC9PBE5MF""","=""FT7PM08PFJAWUVC5E1""",03-04-2027,"=""Dhiraagu BILLPAY""",03-04-2027 09-00-00,230.17,,435872.17
2027/04/04,2027/04/04,Salary,"=""RBIPTKWAWDQ812G2SD""","=""FT58THAGYKBX1DXHGV""",Synthetic Employer Pvt Ltd,"=""Synthetic Employer Pvt Ltd""",04-04-2027 01-00-00,,11542.00,447414.17
2027/04/04,2027/04/04,ATM Withdrawal,"=""RB9GS0QZF3WMAH6UKE""","=""FTVEDXDFRGT7T75VUD""",ATM Cash Withdrawal,"=""ATM Cash Withdrawal""",04-04-2027 17-00-00,336.51,,447077.66
2027/04/05,2027/04/05,Credit Card Payment,"=""RBJHN74EIMM5MGOAJY""","=""FTFY864VYFIRX9JKDK""",BML Credit Card Payment,"=""BML Credit Card Payment""",05-04-2027 09-00-00,389.68,,446687.98
2027/04/06,2027/04/06,Favara Debit,"=""RB5A0AQJID2SQF2SHH""","=""FT7VVJS88HZJ7GEUOQ""",Ali Shaheed,"=""Ali Shaheed""",06-04-2027 01-00-00 Favara,442.85,,446245.13
2027/04/06,2027/04/06,Transfer Debit,"=""RBC40U1XCBPHK2I71X""","=""FT50MNFXVJ194M55U8""",Mariyam Naaz,"=""Mariyam Naaz""",06-04-2027 17-00-00 Internet Banking,496.02,,445749.11
2027/04/07,2027/04/07,Favara Debit,"=""RB9NRGLTQEGWXSU1XW""","=""FTJSLYQT46U3UL2TBB""",Fathimath Leeza,"=""Fathimath Leeza""",07-04-2027 09-00-00 Favara,74.19,,445674.92
2027/04/08,2027/04/08,Favara Credit,"=""RBAV48I6QGYJKV57B0""","=""FT1ON3X0U0HMV9CYFC""",Freelance Client 1,"=""Freelance Client 1""",08-04-2027 01-00-00 Favara,,127.36,445802.28
2027/04/08,2027/04/08,Favara Credit,"=""RBWS42IU2OMBKEMR7F""","=""FTGA7ZQ0UNIT36PN5G""",Mariyam Naaz,"=""Mariyam Naaz""",08-04-2027 17-00-00 Favara,,179.00,445981.28
2027/04/09,2027/04/09,Transfer Credit,"=""RBVE45M1B2EWW6DWV3""","=""FT6WYDBNQX4RBR3GD8""",Ali Shaheed,"=""Ali Shaheed""",09-04-2027 09-00-00 Internet Banking,,232.17,446213.45
2027/04/10,2027/04/10,Transfer Debit,"=""RBFIKCRX1BWYR4GE3Z""","=""FT18M2WNESM4WQFTCE""",Coral Works LLP,"=""Coral Works LLP""",10-04-2027 01-00-00 Internet Banking,285.34,,445928.11
2027/04/10,2027/04/10,Favara Debit,"=""RB48HYUMOGM5FB91RW""","=""FTSE49JH3V68UFJTZK""",My Other Bank Account,"=""My Other Bank Account""",10-04-2027 17-00-00 Favara,338.51,,445589.60
2027/04/11,2027/04/11,Favara Credit,"=""RBJ6PJEDG8O7N2ILJK""","=""FT4YNA73BPRYTCF9PX""",My Other Bank Account,"=""My Other Bank Account""",11-04-2027 09-00-00 Favara,,391.68,445981.28
2027/04/12,2027/04/12,Purchase,"=""RBO87NGL5TCXPRGN83""","=""FTAIXNIN50LZWRHG5L""",12-04-2027,"=""Coral Cafe""",12-04-2027 01-00-00,444.85,,445536.43
2027/04/12,2027/04/12,Purchase,"=""RB42OQYBFHU5AO6PVQ""","=""FT628LSOEXLXMR9U4O""",12-04-2027,"=""Avas Ride""",12-04-2027 17-00-00,498.02,,445038.41
2027/04/13,2027/04/13,Purchase,"=""RBKJ8TA87TS4QTAO17""","=""FTW3PUO3NDX449Q367""",13-04-2027,"=""AliExpress""",13-04-2027 09-00-00,76.19,,444962.22
2027/04/14,2027/04/14,Purchase,"=""RBODCSEZX4U9CC9I5V""","=""FT0FF7D7774G75D1SZ""",14-04-2027,"=""MPGOOGLE YouTube Premium""",14-04-2027 01-00-00,129.36,,444832.86
2027/04/14,2027/04/14,Bill Payment,"=""RBYGK5PD6WVPZZNSK9""","=""FTYBPRG1SH6D4P2TTX""",14-04-2027,"=""STELCO BILLPAY""",14-04-2027 17-00-00,181.00,,444651.86
2027/04/15,2027/04/15,Salary,"=""RBYBU17PF34QJ3XDIU""","=""FTR9D6ROQQ1UUG3998""",Synthetic Employer Pvt Ltd,"=""Synthetic Employer Pvt Ltd""",15-04-2027 09-00-00,,13191.00,457842.86
2027/04/16,2027/04/16,ATM Withdrawal,"=""RB1EW3PBICHG6ZAW1U""","=""FTPAQ2RN8CDG99G9EC""",ATM Cash Withdrawal,"=""ATM Cash Withdrawal""",16-04-2027 01-00-00,287.34,,457555.52
2027/04/16,2027/04/16,Credit Card Payment,"=""RBA4H3QC97F4T5MTBO""","=""FTJAKZJDWUIZFRSWXN""",BML Credit Card Payment,"=""BML Credit Card Payment""",16-04-2027 17-00-00,340.51,,457215.01
2027/04/17,2027/04/17,Favara Debit,"=""RBPZIYN7Q25ZX2UDIM""","=""FTKNMHEYO74TBTP6GD""",Mariyam Naaz,"=""Mariyam Naaz""",17-04-2027 09-00-00 Favara,393.68,,456821.33
2027/04/18,2027/04/18,Transfer Debit,"=""RBHU5AK1FT5AX4RKF7""","=""FTOP7L7F9379EIUUEF""",Fathimath Leeza,"=""Fathimath Leeza""",18-04-2027 01-00-00 Internet Banking,446.85,,456374.48
2027/04/18,2027/04/18,Favara Debit,"=""RB2NWEU08CQON9EYU3""","=""FTDRRQOTK8J8B9NXOB""",Ahmed Rasheed,"=""Ahmed Rasheed""",18-04-2027 17-00-00 Favara,500.02,,455874.46
2027/04/19,2027/04/19,Favara Credit,"=""RBD0Q7U7QS6QYNIJ48""","=""FTT6W34O14GAGTRNKT""",Freelance Client 2,"=""Freelance Client 2""",19-04-2027 09-00-00 Favara,,78.19,455952.65
2027/04/20,2027/04/20,Favara Credit,"=""RB7JHW4VNPM51XP6AT""","=""FTMYB5KA9MJ0MWXQ1Z""",Fathimath Leeza,"=""Fathimath Leeza""",20-04-2027 01-00-00 Favara,,131.36,456084.01
2027/04/20,2027/04/20,Transfer Credit,"=""RBNWBFQGZWS0NPHDCF""","=""FTVR60BJQ4QUPV8ETO""",Mariyam Naaz,"=""Mariyam Naaz""",20-04-2027 17-00-00 Internet Banking,,183.00,456267.01
2027/04/21,2027/04/21,Transfer Debit,"=""RBSZ4Q1TMVO1WY9JRP""","=""FT305N7J9N7R58E5BC""",Digitopia Pvt Ltd,"=""Digitopia Pvt Ltd""",21-04-2027 09-00-00 Internet Banking,236.17,,456030.84
2027/04/22,2027/04/22,Favara Debit,"=""RBO5JAAKAQYGGVIHLI""","=""FTL73OJ0Z0IJ0TUEKQ""",My Other Bank Account,"=""My Other Bank Account""",22-04-2027 01-00-00 Favara,289.34,,455741.50
2027/04/22,2027/04/22,Favara Credit,"=""RB966XKWA0QLX3XP2J""","=""FTM2HO957SVRD5XWNS""",My Other Bank Account,"=""My Other Bank Account""",22-04-2027 17-00-00 Favara,,342.51,456084.01
2027/04/23,2027/04/23,Purchase,"=""RB4O532HN9XBCNCSV5""","=""FTPBSUXLRPBQEZR8G8""",23-04-2027,"=""Red Banana""",23-04-2027 09-00-00,395.68,,455688.33
2027/04/24,2027/04/24,Purchase,"=""RBR4ZNPZOI2AARKHE4""","=""FT3TICIBE3HC0KXPYQ""",24-04-2027,"=""Avas Ride""",24-04-2027 01-00-00,448.85,,455239.48
2027/04/24,2027/04/24,Purchase,"=""RBE71VBCYSIH7WXGYZ""","=""FTQ1Q5VHGXRIE3Q5ZO""",24-04-2027,"=""AliExpress""",24-04-2027 17-00-00,27.02,,455212.46
2027/04/25,2027/04/25,Purchase,"=""RBTYSND8X4LRCDI0OU""","=""FTPHV3I2DY951JESR2""",25-04-2027,"=""MPGOOGLE Google One""",25-04-2027 09-00-00,80.19,,455132.27
2027/04/26,2027/04/26,Bill Payment,"=""RBJRVEERSISV6QCC3Z""","=""FTA89695A3EI5TEBDF""",26-04-2027,"=""Dhiraagu BILLPAY""",26-04-2027 01-00-00,133.36,,454998.91
2027/04/26,2027/04/26,Salary,"=""RB0TIWZLN4UTD6HVXW""","=""FTOVJ4ZTNGRUEVDBAN""",Synthetic Employer Pvt Ltd,"=""Synthetic Employer Pvt Ltd""",26-04-2027 17-00-00,,14840.00,469838.91
2027/04/27,2027/04/27,ATM Withdrawal,"=""RBMXZKRZCGR7NV1RCV""","=""FTAH29C25MT62OTEZC""",ATM Cash Withdrawal,"=""ATM Cash Withdrawal""",27-04-2027 09-00-00,238.17,,469600.74
2027/04/28,2027/04/28,Credit Card Payment,"=""RBA1ZYRE5O7KCD43C6""","=""FTQ4U1F4JSRRDW7T9S""",BML Credit Card Payment,"=""BML Credit Card Payment""",28-04-2027 01-00-00,291.34,,469309.40
2027/04/28,2027/04/28,Favara Debit,"=""RB6V5NQ4B0MRBBTSBS""","=""FT4L0M5WA89JONB410""",Fathimath Leeza,"=""Fathimath Leeza""",28-04-2027 17-00-00 Favara,344.51,,468964.89
2027/04/29,2027/04/29,Transfer Debit,"=""RBGMVMI90S8MLE1909""","=""FTPKIQA4IJEIC8EO6E""",Ahmed Rasheed,"=""Ahmed Rasheed""",29-04-2027 09-00-00 Internet Banking,397.68,,468567.21
2027/04/30,2027/04/30,Favara Debit,"=""RBPUIRHXNT6LLL0RJE""","=""FT89F5NZ2QOKGRTFB2""",Hussain Shafeeq,"=""Hussain Shafeeq""",30-04-2027 01-00-00 Favara,450.85,,468116.36
2027/04/30,2027/04/30,Favara Credit,"=""RBIT2KX5DSQZ6FXGQ6""","=""FTIS8NH0RMT9O70E6V""",Freelance Client 3,"=""Freelance Client 3""",30-04-2027 17-00-00 Favara,,29.02,468145.38
2027/05/01,2027/05/01,Favara Credit,"=""RBQZGRUXY03QI3LMQX""","=""FTH2I0T11DKK32DMAA""",Ahmed Rasheed,"=""Ahmed Rasheed""",01-05-2027 09-00-00 Favara,,82.19,468227.57
2027/05/02,2027/05/02,Transfer Credit,"=""RB8OA0T7GEYARH86VL""","=""FTAMM8HYD2XIGQBDIG""",Fathimath Leeza,"=""Fathimath Leeza""",02-05-2027 01-00-00 Internet Banking,,135.36,468362.93
2027/05/02,2027/05/02,Transfer Debit,"=""RBF2KXUW97K3VFWD39""","=""FTSF89M5M4C3MZ0T2O""",Echbees LLP,"=""Echbees LLP""",02-05-2027 17-00-00 Internet Banking,187.00,,468175.93
2027/05/03,2027/05/03,Favara Debit,"=""RBCC77AUHMAKMCZ7ZF""","=""FTMTZZSX3O03JIAQO5""",My Other Bank Account,"=""My Other Bank Account""",03-05-2027 09-00-00 Favara,240.17,,467935.76
2027/05/04,2027/05/04,Favara Credit,"=""RBFGSY4VR6DJI7EETN""","=""FT4IH7X2YJOBTX2WDO""",My Other Bank Account,"=""My Other Bank Account""",04-05-2027 01-00-00 Favara,,293.34,468229.10
2027/05/04,2027/05/04,Purchase,"=""RBMDE1QCL2SX21W1MM""","=""FTSI8NI8ZJH3NZLJ5K""",04-05-2027,"=""Villa Mart""",04-05-2027 17-00-00,346.51,,467882.59
2027/05/05,2027/05/05,Purchase,"=""RB4QBZ7UGEJ3WBMM0E""","=""FT2B9FUIJRCTCAXPZ7""",05-05-2027,"=""Avas Ride""",05-05-2027 09-00-00,399.68,,467482.91
2027/05/06,2027/05/06,Purchase,"=""RBW59BHV4NNV8FYUGH""","=""FTEWO3A6M7Z8GFWKJ2""",06-05-2027,"=""AliExpress""",06-05-2027 01-00-00,452.85,,467030.06
2027/05/06,2027/05/06,Purchase,"=""RB941IV3VBDI66V89D""","=""FT1U3WYGAKVLO39UXG""",06-05-2027,"=""MPGOOGLE YouTube Premium""",06-05-2027 17-00-00,31.02,,466999.04
2027/05/07,2027/05/07,Bill Payment,"=""RBDYVFQQBFWV84P25D""","=""FT6SAYCA308EX2KIH4""",07-05-2027,"=""STELCO BILLPAY""",07-05-2027 09-00-00,84.19,,466914.85
2027/05/08,2027/05/08,Salary,"=""RBJ5DO27T5NFNHN8GP""","=""FTL52GEUJSKUYPLE1L""",Synthetic Employer Pvt Ltd,"=""Synthetic Employer Pvt Ltd""",08-05-2027 01-00-00,,11489.00,478403.85
2027/05/08,2027/05/08,ATM Withdrawal,"=""RBPH9BS3QW254G11YB""","=""FTC8OMLMRVN811KRH8""",ATM Cash Withdrawal,"=""ATM Cash Withdrawal""",08-05-2027 17-00-00,189.00,,478214.85
2027/05/09,2027/05/09,Credit Card Payment,"=""RBVD3O82AMIF92GMGH""","=""FT3D3KA05M7GX9JKXG""",BML Credit Card Payment,"=""BML Credit Card Payment""",09-05-2027 09-00-00,242.17,,477972.68
2027/05/10,2027/05/10,Favara Debit,"=""RBL6I7R0R7KM55ECXD""","=""FTGZW05AIIABVPW8TP""",Ahmed Rasheed,"=""Ahmed Rasheed""",10-05-2027 01-00-00 Favara,295.34,,477677.34
2027/05/10,2027/05/10,Transfer Debit,"=""RB98Q4O1QYV2QUIQWS""","=""FT6S5HYJD4KTHYGGHE""",Hussain Shafeeq,"=""Hussain Shafeeq""",10-05-2027 17-00-00 Internet Banking,348.51,,477328.83
2027/05/11,2027/05/11,Favara Debit,"=""RBEHQARBW2S6CADKT4""","=""FTGMUXCIH18AMIIYZA""",Ali Shaheed,"=""Ali Shaheed""",11-05-2027 09-00-00 Favara,401.68,,476927.15
2027/05/12,2027/05/12,Favara Credit,"=""RBTNY3BSLOABBD25EG""","=""FT8XQGIGGZTD6Q6YET""",Freelance Client 4,"=""Freelance Client 4""",12-05-2027 01-00-00 Favara,,454.85,477382.00
2027/05/12,2027/05/12,Favara Credit,"=""RBF7NKGSP5O7JFX08G""","=""FT47VGEZ94ZOS2XHPJ""",Hussain Shafeeq,"=""Hussain Shafeeq""",12-05-2027 17-00-00 Favara,,33.02,477415.02
2027/05/13,2027/05/13,Transfer Credit,"=""RBFSZHXK2T4NNRAF3L""","=""FTDX9MGKWWPO617XYF""",Ahmed Rasheed,"=""Ahmed Rasheed""",13-05-2027 09-00-00 Internet Banking,,86.19,477501.21
2027/05/14,2027/05/14,Transfer Debit,"=""RBE7YHIM08YWD5KEXV""","=""FTUMXEAA1OO8S4CU8M""",Coral Works LLP,"=""Coral Works LLP""",14-05-2027 01-00-00 Internet Banking,139.36,,477361.85
2027/05/14,2027/05/14,Favara Debit,"=""RB1NGV2MYWRWHZ2RS1""","=""FT02JR7XOUP1N6K1QM""",My Other Bank Account,"=""My Other Bank Account""",14-05-2027 17-00-00 Favara,191.00,,477170.85
2027/05/15,2027/05/15,Favara Credit,"=""RBWVGIMWMDVOAB0LIH""","=""FTTZ7W7YCT6I0P5R9B""",My Other Bank Account,"=""My Other Bank Account""",15-05-2027 09-00-00 Favara,,244.17,477415.02
2027/05/16,2027/05/16,Purchase,"=""RB0F5GSQ5LSLW88X9H""","=""FTQZW04O1LE2789K8K""",16-05-2027,"=""Coral Cafe""",16-05-2027 01-00-00,297.34,,477117.68
2027/05/16,2027/05/16,Purchase,"=""RBNCVIUC2CY33A2WO5""","=""FTZJYK6V9JPVLMICRG""",16-05-2027,"=""Avas Ride""",16-05-2027 17-00-00,350.51,,476767.17
2027/05/17,2027/05/17,Purchase,"=""RBSH1732OONXJ1O2FY""","=""FTU4NVXP9U41PMEZUU""",17-05-2027,"=""AliExpress""",17-05-2027 09-00-00,403.68,,476363.49
2027/05/18,2027/05/18,Purchase,"=""RBBA0H88QDJ2HLE1TD""","=""FTCE0TKLKQG1FQ4JCF""",18-05-2027,"=""MPGOOGLE Google One""",18-05-2027 01-00-00,456.85,,475906.64
2027/05/18,2027/05/18,Bill Payment,"=""RBSU2MW81DSVRT1IAJ""","=""FTNITFXR6N7PN3Q0JX""",18-05-2027,"=""Dhiraagu BILLPAY""",18-05-2027 17-00-00,35.02,,475871.62
2027/05/19,2027/05/19,Salary,"=""RBIQZNUDJWG3UJNLRJ""","=""FTN4WSBAKFIE5M7IT9""",Synthetic Employer Pvt Ltd,"=""Synthetic Employer Pvt Ltd""",19-05-2027 09-00-00,,13138.00,489009.62
2027/05/20,2027/05/20,ATM Withdrawal,"=""RBW5N1NU2EYEIGA3W7""","=""FTS50EUB1FF8TF4I8J""",ATM Cash Withdrawal,"=""ATM Cash Withdrawal""",20-05-2027 01-00-00,141.36,,488868.26
2027/05/20,2027/05/20,Credit Card Payment,"=""RBLA2Y8CZUTN428RIG""","=""FTAKJQ0A8GNLD0G2I8""",BML Credit Card Payment,"=""BML Credit Card Payment""",20-05-2027 17-00-00,193.00,,488675.26
2027/05/21,2027/05/21,Favara Debit,"=""RBT6WA8FOFMGK3BP65""","=""FTRUA3UQ3ALTUAP3U1""",Hussain Shafeeq,"=""Hussain Shafeeq""",21-05-2027 09-00-00 Favara,246.17,,488429.09
2027/05/22,2027/05/22,Transfer Debit,"=""RBPM5X07K4AEXLQGPU""","=""FTDQ42JAE1H7KN4ST0""",Ali Shaheed,"=""Ali Shaheed""",22-05-2027 01-00-00 Internet Banking,299.34,,488129.75
2027/05/22,2027/05/22,Favara Debit,"=""RB6ZFM0GE9FCR7U5GH""","=""FTCZIUST0L0PMFB5Q9""",Mariyam Naaz,"=""Mariyam Naaz""",22-05-2027 17-00-00 Favara,352.51,,487777.24
2027/05/23,2027/05/23,Favara Credit,"=""RBTNZPPEK7SI518KQJ""","=""FTFO21B6GYITX13T15""",Freelance Client 1,"=""Freelance Client 1""",23-05-2027 09-00-00 Favara,,405.68,488182.92
2027/05/24,2027/05/24,Favara Credit,"=""RBYU0FEZLTELN1PJOY""","=""FTWYTQA4NJPSZAQZGO""",Ali Shaheed,"=""Ali Shaheed""",24-05-2027 01-00-00 Favara,,458.85,488641.77
2027/05/24,2027/05/24,Transfer Credit,"=""RBSNEIPMSR9IBORIB7""","=""FTAFY59YRUDFYR7U2F""",Hussain Shafeeq,"=""Hussain Shafeeq""",24-05-2027 17-00-00 Internet Banking,,37.02,488678.79
2027/05/25,2027/05/25,Transfer Debit,"=""RB1OP4SVPJWR0FHY98""","=""FTGJS0EP06560W7VT6""",Digitopia Pvt Ltd,"=""Digitopia Pvt Ltd""",25-05-2027 09-00-00 Internet Banking,90.19,,488588.60
2027/05/26,2027/05/26,Favara Debit,"=""RBT41UEDI307H35GYO""","=""FTA1RNM1O8Z81QQ06L""",My Other Bank Account,"=""My Other Bank Account""",26-05-2027 01-00-00 Favara,143.36,,488445.24
2027/05/26,2027/05/26,Favara Credit,"=""RBZB26ZMNUSQ7W87CR""","=""FTKTKTVMOWYC2KNYEB""",My Other Bank Account,"=""My Other Bank Account""",26-05-2027 17-00-00 Favara,,195.00,488640.24
2027/05/27,2027/05/27,Purchase,"=""RB725APNCNFUP6GAI7""","=""FTMW6YX5E6YUN3F7B6""",27-05-2027,"=""Red Banana""",27-05-2027 09-00-00,248.17,,488392.07
2027/05/28,2027/05/28,Purchase,"=""RBWCHXQJ0DDQWIW3G2""","=""FT8EE3YZGBHBWSJ640""",28-05-2027,"=""Avas Ride""",28-05-2027 01-00-00,301.34,,488090.73
2027/05/28,2027/05/28,Purchase,"=""RBECIW2X4D6CWIO09Y""","=""FT9F8GMRAGNXY9TI5B""",28-05-2027,"=""AliExpress""",28-05-2027 17-00-00,354.51,,487736.22
2027/05/29,2027/05/29,Purchase,"=""RBWNF6P2XKTL50AM3G""","=""FT38D4BG80Z7U3BMO1""",29-05-2027,"=""MPGOOGLE YouTube Premium""",29-05-2027 09-00-00,407.68,,487328.54
2027/05/30,2027/05/30,Bill Payment,"=""RBHZZFOB2ZBOCOHJRV""","=""FTIADA31I07ECZQ6TU""",30-05-2027,"=""STELCO BILLPAY""",30-05-2027 01-00-00,460.85,,486867.69
2027/05/30,2027/05/30,Salary,"=""RBWL337DWHOQ6T5H6Q""","=""FTNCWKSHXJIYPMA8UZ""",Synthetic Employer Pvt Ltd,"=""Synthetic Employer Pvt Ltd""",30-05-2027 17-00-00,,14787.00,501654.69
2027/05/31,2027/05/31,ATM Withdrawal,"=""RBZLD0D9YGA751SIPC""","=""FT0F23NT07LHDOC650""",ATM Cash Withdrawal,"=""ATM Cash Withdrawal""",31-05-2027 09-00-00,92.19,,501562.50
2027/06/01,2027/06/01,Credit Card Payment,"=""RBZVIKNY8TK5QDGF8H""","=""FT8FRQ0V5AOYHVCOPJ""",BML Credit Card Payment,"=""BML Credit Card Payment""",01-06-2027 01-00-00,145.36,,501417.14
2027/06/01,2027/06/01,Favara Debit,"=""RBL2ZSCHXW3XJD3VYH""","=""FTPBO0VRBGT3BN0XT0""",Ali Shaheed,"=""Ali Shaheed""",01-06-2027 17-00-00 Favara,197.00,,501220.14
2027/06/02,2027/06/02,Transfer Debit,"=""RBRYUIE45EBVRAZ101""","=""FTA46HNPLEEENP7NEX""",Mariyam Naaz,"=""Mariyam Naaz""",02-06-2027 09-00-00 Internet Banking,250.17,,500969.97
2027/06/03,2027/06/03,Favara Debit,"=""RBFQTCJT8O2IYUFZQ8""","=""FTAVZ7H3BYCSCN8ZE4""",Fathimath Leeza,"=""Fathimath Leeza""",03-06-2027 01-00-00 Favara,303.34,,500666.63
2027/06/03,2027/06/03,Favara Credit,"=""RBX1CV7ZHKDB4QE276""","=""FTZSFYO278LRNKRTN8""",Freelance Client 2,"=""Freelance Client 2""",03-06-2027 17-00-00 Favara,,356.51,501023.14
2027/06/04,2027/06/04,Favara Credit,"=""RBJERBRYO8IEZ8E2A9""","=""FTLDSN0KNAOF6PIRJY""",Mariyam Naaz,"=""Mariyam Naaz""",04-06-2027 09-00-00 Favara,,409.68,501432.82
2027/06/05,2027/06/05,Transfer Credit,"=""RBNBMSUPK4Q4ZUM8GT""","=""FTLB9J2N65N6OQPK7I""",Ali Shaheed,"=""Ali Shaheed""",05-06-2027 01-00-00 Internet Banking,,462.85,501895.67
2027/06/05,2027/06/05,Transfer Debit,"=""RBHZXHA053LIWMWZXH""","=""FTMLKVH3PUYPO6MZFH""",Echbees LLP,"=""Echbees LLP""",05-06-2027 17-00-00 Internet Banking,41.02,,501854.65
2027/06/06,2027/06/06,Favara Debit,"=""RB68ETLY4MKMCC7QOZ""","=""FTWMO90BECQUMR7DDV""",My Other Bank Account,"=""My Other Bank Account""",06-06-2027 09-00-00 Favara,94.19,,501760.46
2027/06/07,2027/06/07,Favara Credit,"=""RBVJ64YAEUMFUB8CEG""","=""FTK0PJ0JORC8JPJS2H""",My Other Bank Account,"=""My Other Bank Account""",07-06-2027 01-00-00 Favara,,147.36,501907.82
2027/06/07,2027/06/07,Purchase,"=""RBT0KLPL172HK8D3J8""","=""FTBKTI5QGPZ1FS41MV""",07-06-2027,"=""Villa Mart""",07-06-2027 17-00-00,199.00,,501708.82
2027/06/08,2027/06/08,Purchase,"=""RB2Z526BZUSFI7XW6C""","=""FTORLV72TXEO4JE972""",08-06-2027,"=""Avas Ride""",08-06-2027 09-00-00,252.17,,501456.65
2027/06/09,2027/06/09,Purchase,"=""RBYP60MY44K8TSMYJR""","=""FTLA0GOH6NV8STTOS8""",09-06-2027,"=""AliExpress""",09-06-2027 01-00-00,305.34,,501151.31
2027/06/09,2027/06/09,Purchase,"=""RBFO4MNAB78CTCQKQV""","=""FT2XEEQBN0UNXF3Z0I""",09-06-2027,"=""MPGOOGLE Google One""",09-06-2027 17-00-00,358.51,,500792.80
2027/06/10,2027/06/10,Bill Payment,"=""RBG9P3BI7WQIR29QH5""","=""FT2HNXS8LW300QXDAG""",10-06-2027,"=""Dhiraagu BILLPAY""",10-06-2027 09-00-00,411.68,,500381.12
2027/06/11,2027/06/11,Salary,"=""RBS376U8JC9FBHBV83""","=""FT2EB934QGC4IRLCWO""",Synthetic Employer Pvt Ltd,"=""Synthetic Employer Pvt Ltd""",11-06-2027 01-00-00,,11436.00,511817.12
2027/06/11,2027/06/11,ATM Withdrawal,"=""RBO33A1UA7DXCF9PEH""","=""FT20E3GYE43JCM3086""",ATM Cash Withdrawal,"=""ATM Cash Withdrawal""",11-06-2027 17-00-00,43.02,,511774.10
2027/06/12,2027/06/12,Credit Card Payment,"=""RBCBGGTEAQCIVO7BPM""","=""FTJ1RYT0QCIZFNIEPK""",BML Credit Card Payment,"=""BML Credit Card Payment""",12-06-2027 09-00-00,96.19,,511677.91
2027/06/13,2027/06/13,Favara Debit,"=""RBGSFV5QUG1RA6A9NI""","=""FTSWXCLP5E0PW6O86Z""",Mariyam Naaz,"=""Mariyam Naaz""",13-06-2027 01-00-00 Favara,149.36,,511528.55
2027/06/13,2027/06/13,Transfer Debit,"=""RBT2UVLGETJXG17S6W""","=""FTXHK0WYEGUWMXDDXN""",Fathimath Leeza,"=""Fathimath Leeza""",13-06-2027 17-00-00 Internet Banking,201.00,,511327.55
2027/06/14,2027/06/14,Favara Debit,"=""RBYT5WVBYDS7FN2NEZ""","=""FTMHQXEGP9GP3H0EM6""",Ahmed Rasheed,"=""Ahmed Rasheed""",14-06-2027 09-00-00 Favara,254.17,,511073.38
2027/06/15,2027/06/15,Favara Credit,"=""RB57DUJQLR4L833YLV""","=""FT9GGNS8JI67D869CV""",Freelance Client 3,"=""Freelance Client 3""",15-06-2027 01-00-00 Favara,,307.34,511380.72
2027/06/15,2027/06/15,Favara Credit,"=""RB9MIHJIU8B9G1LIRE""","=""FTXTQ8XQSMV6IRY78G""",Fathimath Leeza,"=""Fathimath Leeza""",15-06-2027 17-00-00 Favara,,360.51,511741.23
2027/06/16,2027/06/16,Transfer Credit,"=""RB9TGPQYOJAUIEJEKG""","=""FT9R1ONXPT93A1422H""",Mariyam Naaz,"=""Mariyam Naaz""",16-06-2027 09-00-00 Internet Banking,,413.68,512154.91
2027/06/17,2027/06/17,Transfer Debit,"=""RBVGH5WXL4J5DEJHZS""","=""FTWI64BOFN0SO2NBH4""",Coral Works LLP,"=""Coral Works LLP""",17-06-2027 01-00-00 Internet Banking,466.85,,511688.06
2027/06/17,2027/06/17,Favara Debit,"=""RBF6LNG5HIMFZBQQI3""","=""FTWGCBZ264VN1M201O""",My Other Bank Account,"=""My Other Bank Account""",17-06-2027 17-00-00 Favara,45.02,,511643.04
2027/06/18,2027/06/18,Favara Credit,"=""RBYW7QHJY5HCWFP897""","=""FTZL8HPN1FF25YEL7F""",My Other Bank Account,"=""My Other Bank Account""",18-06-2027 09-00-00 Favara,,98.19,511741.23
2027/06/19,2027/06/19,Purchase,"=""RB4L7V0GFWWLXYU0E6""","=""FTKIKMVYW1WDD3U32R""",19-06-2027,"=""Coral Cafe""",19-06-2027 01-00-00,151.36,,511589.87
2027/06/19,2027/06/19,Purchase,"=""RB195Z1SITNX53URQO""","=""FTNUUX8IKS71EJZW1W""",19-06-2027,"=""Avas Ride""",19-06-2027 17-00-00,203.00,,511386.87
2027/06/20,2027/06/20,Purchase,"=""RBUQP0YY5SYESEGXUU""","=""FT4JWFOI584JR99CGW""",20-06-2027,"=""AliExpress""",20-06-2027 09-00-00,256.17,,511130.70
2027/06/21,2027/06/21,Purchase,"=""RBFD6OKZ9HZI9OGIKA""","=""FTDQGRMAK3ZCDUBDO7""",21-06-2027,"=""MPGOOGLE YouTube Premium""",21-06-2027 01-00-00,309.34,,510821.36
2027/06/21,2027/06/21,Bill Payment,"=""RB1NIK90E3XGYWYABL""","=""FTYM4ANRNT3P506314""",21-06-2027,"=""STELCO BILLPAY""",21-06-2027 17-00-00,362.51,,510458.85
2027/06/22,2027/06/22,Salary,"=""RBKUEK2VQ7ZJ8HU5HW""","=""FTN4GAJ7U2RC7ELEMB""",Synthetic Employer Pvt Ltd,"=""Synthetic Employer Pvt Ltd""",22-06-2027 09-00-00,,13085.00,523543.85
2027/06/23,2027/06/23,ATM Withdrawal,"=""RBIKT1NYFH28RPIU0J""","=""FT42K5W6FKV5QQZYP0""",ATM Cash Withdrawal,"=""ATM Cash Withdrawal""",23-06-2027 01-00-00,468.85,,523075.00
2027/06/23,2027/06/23,Credit Card Payment,"=""RBUDM6GSYB0JYU3SY1""","=""FTE886UDIZ1OC0TDV6""",BML Credit Card Payment,"=""BML Credit Card Payment""",23-06-2027 17-00-00,47.02,,523027.98
2027/06/24,2027/06/24,Favara Debit,"=""RBW34TL8IGKCJ6103F""","=""FTAMHXTNN69W238XR9""",Fathimath Leeza,"=""Fathimath Leeza""",24-06-2027 09-00-00 Favara,100.19,,522927.79
2027/06/25,2027/06/25,Transfer Debit,"=""RBAMJRL8WTMZ28EKVB""","=""FT8LZ1L53ZT4PTVAG7""",Ahmed Rasheed,"=""Ahmed Rasheed""",25-06-2027 01-00-00 Internet Banking,153.36,,522774.43
2027/06/25,2027/06/25,Favara Debit,"=""RB48F47O1AG7C4ZP20""","=""FT4V66019AQ4N230W7""",Hussain Shafeeq,"=""Hussain Shafeeq""",25-06-2027 17-00-00 Favara,205.00,,522569.43
2027/06/26,2027/06/26,Favara Credit,"=""RBR5Y7D0X9O6FNCPZR""","=""FTO34OCX50LXTZR24X""",Freelance Client 4,"=""Freelance Client 4""",26-06-2027 09-00-00 Favara,,258.17,522827.60
2027/06/27,2027/06/27,Favara Credit,"=""RB34UUW0MZHLS5N9RD""","=""FTWIPMN8SXQIHLMQQW""",Ahmed Rasheed,"=""Ahmed Rasheed""",27-06-2027 01-00-00 Favara,,311.34,523138.94
2027/06/27,2027/06/27,Transfer Credit,"=""RBMQL2QHH0SSYG6C8R""","=""FTSIAZGB3JTQZQD6P2""",Fathimath Leeza,"=""Fathimath Leeza""",27-06-2027 17-00-00 Internet Banking,,364.51,523503.45
2027/06/28,2027/06/28,Transfer Debit,"=""RBNFM8O25OC8C9KPYH""","=""FTMQ3305X12MDGR1N0""",Digitopia Pvt Ltd,"=""Digitopia Pvt Ltd""",28-06-2027 09-00-00 Internet Banking,417.68,,523085.77
2027/06/29,2027/06/29,Favara Debit,"=""RBMMB2WYYVA9ICQDYL""","=""FT8AR21DHE4BJQ4PVT""",My Other Bank Account,"=""My Other Bank Account""",29-06-2027 01-00-00 Favara,470.85,,522614.92
2027/06/29,2027/06/29,Favara Credit,"=""RBJ5EUS2EFO0U99WND""","=""FT4SKJBEZASM9Q4HAL""",My Other Bank Account,"=""My Other Bank Account""",29-06-2027 17-00-00 Favara,,49.02,522663.94
2027/06/30,2027/06/30,Purchase,"=""RB9F4ULT6OQ6TM8LL0""","=""FTMEETNDAJ2JOOOOP7""",30-06-2027,"=""Red Banana""",30-06-2027 09-00-00,102.19,,522561.75
2027/07/01,2027/07/01,Purchase,"=""RBS0A9A2R3TQYBWR2U""","=""FTBJ4EM3AO2VD5XOQ5""",01-07-2027,"=""Avas Ride""",01-07-2027 01-00-00,155.36,,522406.39
2027/07/01,2027/07/01,Purchase,"=""RBSLTJULB18IKYEKOQ""","=""FTM29JRHF121DB14ZC""",01-07-2027,"=""AliExpress""",01-07-2027 17-00-00,207.00,,522199.39
2027/07/02,2027/07/02,Purchase,"=""RB2VVRBWLJBTA63GQV""","=""FT8LEU3FAN8VR6XBBI""",02-07-2027,"=""MPGOOGLE Google One""",02-07-2027 09-00-00,260.17,,521939.22
2027/07/03,2027/07/03,Bill Payment,"=""RB8DZQF8YCMTLIXJP6""","=""FT311IH1OABBC1COP4""",03-07-2027,"=""Dhiraagu BILLPAY""",03-07-2027 01-00-00,313.34,,521625.88
2027/07/03,2027/07/03,Salary,"=""RBI52Y5Y9WXI4UXJW7""","=""FT9C3VIFC9NMA221ZH""",Synthetic Employer Pvt Ltd,"=""Synthetic Employer Pvt Ltd""",03-07-2027 17-00-00,,14734.00,536359.88
2027/07/04,2027/07/04,ATM Withdrawal,"=""RB49OEIGXXPZW6NSE9""","=""FTWFFT4M1HP82EJQFR""",ATM Cash Withdrawal,"=""ATM Cash Withdrawal""",04-07-2027 09-00-00,419.68,,535940.20
2027/07/05,2027/07/05,Credit Card Payment,"=""RBHJY7LSPJ8S1HWHKX""","=""FT5H601C2KF0FJU2UM""",BML Credit Card Payment,"=""BML Credit Card Payment""",05-07-2027 01-00-00,472.85,,535467.35
2027/07/05,2027/07/05,Favara Debit,"=""RBWRZJHFPHW7NVDF8W""","=""FTJ900VGEFBUKTSF1E""",Ahmed Rasheed,"=""Ahmed Rasheed""",05-07-2027 17-00-00 Favara,51.02,,535416.33
2027/07/06,2027/07/06,Transfer Debit,"=""RB894M53A3VMNZ5MN7""","=""FTYLZGREB2JS5JTPSO""",Hussain Shafeeq,"=""Hussain Shafeeq""",06-07-2027 09-00-00 Internet Banking,104.19,,535312.14
2027/07/07,2027/07/07,Favara Debit,"=""RBQPGX5348N5737SR2""","=""FTW41ZQMZ1ANHVU2KZ""",Ali Shaheed,"=""Ali Shaheed""",07-07-2027 01-00-00 Favara,157.36,,535154.78
2027/07/07,2027/07/07,Favara Credit,"=""RBGU74CPHS95EXWRDQ""","=""FT9A1DJL3526VWCWW0""",Freelance Client 1,"=""Freelance Client 1""",07-07-2027 17-00-00 Favara,,209.00,535363.78
2027/07/08,2027/07/08,Favara Credit,"=""RBY263R9D04ASVVQNM""","=""FTD2PSQGZ8DCUDI4MD""",Hussain Shafeeq,"=""Hussain Shafeeq""",08-07-2027 09-00-00 Favara,,262.17,535625.95
2027/07/09,2027/07/09,Transfer Credit,"=""RBDJM022TM1C6E37VZ""","=""FTQRSDI974P5D2IMDA""",Ahmed Rasheed,"=""Ahmed Rasheed""",09-07-2027 01-00-00 Internet Banking,,315.34,535941.29
2027/07/09,2027/07/09,Transfer Debit,"=""RBM8ULNBQ1439210E7""","=""FTVNPO4KOBCIZEDSWV""",Echbees LLP,"=""Echbees LLP""",09-07-2027 17-00-00 Internet Banking,368.51,,535572.78
2027/07/10,2027/07/10,Favara Debit,"=""RB9VZVU99TKP1DN6KJ""","=""FT9ZU3O9QLL5ADTUOO""",My Other Bank Account,"=""My Other Bank Account""",10-07-2027 09-00-00 Favara,421.68,,535151.10
2027/07/11,2027/07/11,Favara Credit,"=""RB60ZPQGVGCNN0PQKQ""","=""FT0PY97TV58FAXQUBP""",My Other Bank Account,"=""My Other Bank Account""",11-07-2027 01-00-00 Favara,,474.85,535625.95
2027/07/11,2027/07/11,Purchase,"=""RBKGSPTS22A5M9ZHAZ""","=""FTHEUGLST0DBN9HLBT""",11-07-2027,"=""Villa Mart""",11-07-2027 17-00-00,53.02,,535572.93
2027/07/12,2027/07/12,Purchase,"=""RBBGNLDO3PXEWW7X4D""","=""FTNAVKHQDQD0XLSLFI""",12-07-2027,"=""Avas Ride""",12-07-2027 09-00-00,106.19,,535466.74
2027/07/13,2027/07/13,Purchase,"=""RBPOKVK9EQ924AZRF0""","=""FTPJOIPI8488584FEA""",13-07-2027,"=""AliExpress""",13-07-2027 01-00-00,159.36,,535307.38
2027/07/13,2027/07/13,Purchase,"=""RBT5W3D640BXAG29TZ""","=""FTP0JSS4Y3WHMP4NPF""",13-07-2027,"=""MPGOOGLE YouTube Premium""",13-07-2027 17-00-00,211.00,,535096.38
2027/07/14,2027/07/14,Bill Payment,"=""RB5MOME2XWPZLT89YC""","=""FTA2475BC48943TMME""",14-07-2027,"=""STELCO BILLPAY""",14-07-2027 09-00-00,264.17,,534832.21
2027/07/15,2027/07/15,Salary,"=""RBLAO9Q8FARJI2YGSO""","=""FTO09F5Z1Y3CRM0EQ4""",Synthetic Employer Pvt Ltd,"=""Synthetic Employer Pvt Ltd""",15-07-2027 01-00-00,,11383.00,546215.21
2027/07/15,2027/07/15,ATM Withdrawal,"=""RBDMAUFZJSIYLR5T1Q""","=""FTLFIIWK7YMTBZCBKM""",ATM Cash Withdrawal,"=""ATM Cash Withdrawal""",15-07-2027 17-00-00,370.51,,545844.70
2027/07/16,2027/07/16,Credit Card Payment,"=""RBO41DRWEDJ760T1CP""","=""FT9TNGMMXZ4U1UZDDF""",BML Credit Card Payment,"=""BML Credit Card Payment""",16-07-2027 09-00-00,423.68,,545421.02
2027/07/17,2027/07/17,Favara Debit,"=""RBVE60D2U64ZZBSAFA""","=""FTUNSYCFK5QECEUPII""",Hussain Shafeeq,"=""Hussain Shafeeq""",17-07-2027 01-00-00 Favara,476.85,,544944.17
2027/07/17,2027/07/17,Transfer Debit,"=""RBJASMN39W3E10SO2E""","=""FTUHD34F1ICQAC40T8""",Ali Shaheed,"=""Ali Shaheed""",17-07-2027 17-00-00 Internet Banking,55.02,,544889.15
2027/07/18,2027/07/18,Favara Debit,"=""RBTH6HAGME2CGKOYA9""","=""FTPZKXZF093M89HZ3F""",Mariyam Naaz,"=""Mariyam Naaz""",18-07-2027 09-00-00 Favara,108.19,,544780.96
2027/07/19,2027/07/19,Favara Credit,"=""RBKKGZDMCLL5CEIOHN""","=""FTTYQRJFO9NBMKZE6R""",Freelance Client 2,"=""Freelance Client 2""",19-07-2027 01-00-00 Favara,,161.36,544942.32
2027/07/19,2027/07/19,Favara Credit,"=""RB281TYMQ9LZX7Z485""","=""FTSUYKFSS4D66DN6WI""",Ali Shaheed,"=""Ali Shaheed""",19-07-2027 17-00-00 Favara,,213.00,545155.32
2027/07/20,2027/07/20,Transfer Credit,"=""RBJ3TI6DKAQ4ESCFF5""","=""FTV6UK531B3N130O17""",Hussain Shafeeq,"=""Hussain Shafeeq""",20-07-2027 09-00-00 Internet Banking,,266.17,545421.49
2027/07/21,2027/07/21,Transfer Debit,"=""RBJCX41QT86BX2QIPN""","=""FT1TSG2B2Z54KF2HQV""",Coral Works LLP,"=""Coral Works LLP""",21-07-2027 01-00-00 Internet Banking,319.34,,545102.15
2027/07/21,2027/07/21,Favara Debit,"=""RBVCJBI84N12SC2I4G""","=""FTK6EOZLRG7UAF9BSF""",My Other Bank Account,"=""My Other Bank Account""",21-07-2027 17-00-00 Favara,372.51,,544729.64
2027/07/22,2027/07/22,Favara Credit,"=""RBRQ9LGRIMHGQTXHH8""","=""FTCI1I47COS6VAI29M""",My Other Bank Account,"=""My Other Bank Account""",22-07-2027 09-00-00 Favara,,425.68,545155.32
2027/07/23,2027/07/23,Purchase,"=""RBR7NYMBACQIJN5YFL""","=""FT37SI67OIFQM6FIA7""",23-07-2027,"=""Coral Cafe""",23-07-2027 01-00-00,478.85,,544676.47
2027/07/23,2027/07/23,Purchase,"=""RB8WW0PEA4GYUXPW84""","=""FTEFL8SC8N1MHZP4NY""",23-07-2027,"=""Avas Ride""",23-07-2027 17-00-00,57.02,,544619.45
2027/07/24,2027/07/24,Purchase,"=""RB7GYM240BWUGCS9O3""","=""FTLZHBO8N71VDMZBGJ""",24-07-2027,"=""AliExpress""",24-07-2027 09-00-00,110.19,,544509.26
2027/07/25,2027/07/25,Purchase,"=""RBS52RTY8L9GSS1COM""","=""FTVMA1QDCHVD9CQRER""",25-07-2027,"=""MPGOOGLE Google One""",25-07-2027 01-00-00,163.36,,544345.90
2027/07/25,2027/07/25,Bill Payment,"=""RBU3Y7T1K1APZCNAL6""","=""FT3QYCGXEALFFEDWIB""",25-07-2027,"=""Dhiraagu BILLPAY""",25-07-2027 17-00-00,215.00,,544130.90
2027/07/26,2027/07/26,Salary,"=""RB6TC55TB0Z39EW4B3""","=""FTSDTQQWFKIJOKR47L""",Synthetic Employer Pvt Ltd,"=""Synthetic Employer Pvt Ltd""",26-07-2027 09-00-00,,13032.00,557162.90
2027/07/27,2027/07/27,ATM Withdrawal,"=""RBFTNPKMG4649BH23A""","=""FTZP66PUUYU5BGS1QZ""",ATM Cash Withdrawal,"=""ATM Cash Withdrawal""",27-07-2027 01-00-00,321.34,,556841.56
2027/07/27,2027/07/27,Credit Card Payment,"=""RBIHW5XZ0PXGNYA0YW""","=""FT0W815ZV75B2DDSPD""",BML Credit Card Payment,"=""BML Credit Card Payment""",27-07-2027 17-00-00,374.51,,556467.05
2027/07/28,2027/07/28,Favara Debit,"=""RBA2W3L4SYGIFNXD8W""","=""FTC45S6QJQ4EROAN06""",Ali Shaheed,"=""Ali Shaheed""",28-07-2027 09-00-00 Favara,427.68,,556039.37
2027/07/29,2027/07/29,Transfer Debit,"=""RBILV2W60KPE2G0E8L""","=""FTJO7LFTE8QVYIEL28""",Mariyam Naaz,"=""Mariyam Naaz""",29-07-2027 01-00-00 Internet Banking,480.85,,555558.52
2027/07/29,2027/07/29,Favara Debit,"=""RBUY6039TR0BF9WQJ5""","=""FTR3SUU6T7EBMBV034""",Fathimath Leeza,"=""Fathimath Leeza""",29-07-2027 17-00-00 Favara,59.02,,555499.50
2027/07/30,2027/07/30,Favara Credit,"=""RBNU7RBFLUIG14TFFE""","=""FT188QP9D43MJFTZRJ""",Freelance Client 3,"=""Freelance Client 3""",30-07-2027 09-00-00 Favara,,112.19,555611.69
2027/07/31,2027/07/31,Favara Credit,"=""RB2G46LV2YI3ETU9DO""","=""FTXT0HKY31JQZV02M1""",Mariyam Naaz,"=""Mariyam Naaz""",31-07-2027 01-00-00 Favara,,165.36,555777.05
2027/07/31,2027/07/31,Transfer Credit,"=""RBKU0ZKVBQFT31RUBM""","=""FTUPSLRLSFYVDJW31M""",Ali Shaheed,"=""Ali Shaheed""",31-07-2027 17-00-00 Internet Banking,,217.00,555994.05
2027/08/01,2027/08/01,Transfer Debit,"=""RBDNZH0E3A0QO0Y90P""","=""FT2G2D6RO0MW3PNDF9""",Digitopia Pvt Ltd,"=""Digitopia Pvt Ltd""",01-08-2027 09-00-00 Internet Banking,270.17,,555723.88
2027/08/02,2027/08/02,Favara Debit,"=""RBNUMTYWIC5Q63KFTH""","=""FT604FMH08LT0Q7HHH""",My Other Bank Account,"=""My Other Bank Account""",02-08-2027 01-00-00 Favara,323.34,,555400.54
2027/08/02,2027/08/02,Favara Credit,"=""RBWYNNYUI2M54U72OB""","=""FTB0YAOCIJ7ZZAI2FY""",My Other Bank Account,"=""My Other Bank Account""",02-08-2027 17-00-00 Favara,,376.51,555777.05
2027/08/03,2027/08/03,Purchase,"=""RBBTRLW0HL57F7GSH9""","=""FTEJIMP38XOSQ7W10T""",03-08-2027,"=""Red Banana""",03-08-2027 09-00-00,429.68,,555347.37
2027/08/04,2027/08/04,Purchase,"=""RBOP2YK4JY6VZBVMSS""","=""FTTIHJM52CL5N3OKLD""",04-08-2027,"=""Avas Ride""",04-08-2027 01-00-00,482.85,,554864.52
2027/08/04,2027/08/04,Purchase,"=""RBEWNK46O5YLXW02MQ""","=""FTG1RCCZQ73OSR8BTE""",04-08-2027,"=""AliExpress""",04-08-2027 17-00-00,61.02,,554803.50
2027/08/05,2027/08/05,Purchase,"=""RB65SDA8H1FEQ0YZG1""","=""FTO3Z43A30JNGXAIVC""",05-08-2027,"=""MPGOOGLE YouTube Premium""",05-08-2027 09-00-00,114.19,,554689.31
2027/08/06,2027/08/06,Bill Payment,"=""RBEZ2OXWWMQI1NZJQ2""","=""FTOJBKHCEP6SZ5043X""",06-08-2027,"=""STELCO BILLPAY""",06-08-2027 01-00-00,167.36,,554521.95
2027/08/06,2027/08/06,Salary,"=""RBTFRUJCCGLMXIH7DK""","=""FT58GI0WJUPXT8R4PE""",Synthetic Employer Pvt Ltd,"=""Synthetic Employer Pvt Ltd""",06-08-2027 17-00-00,,14681.00,569202.95
2027/08/07,2027/08/07,ATM Withdrawal,"=""RBMRQJ6GF0RSLYCTYR""","=""FTYU7KGN62BYEJ5IR9""",ATM Cash Withdrawal,"=""ATM Cash Withdrawal""",07-08-2027 09-00-00,272.17,,568930.78
2027/08/08,2027/08/08,Credit Card Payment,"=""RB1YQDUX0AVAPJBNHD""","=""FT18TIP1BSDA5LUOML""",BML Credit Card Payment,"=""BML Credit Card Payment""",08-08-2027 01-00-00,325.34,,568605.44
2027/08/08,2027/08/08,Favara Debit,"=""RB7WMQWP2HWUHQBLJ4""","=""FTI8ATL85634QQCH64""",Mariyam Naaz,"=""Mariyam Naaz""",08-08-2027 17-00-00 Favara,378.51,,568226.93
2027/08/09,2027/08/09,Transfer Debit,"=""RBZD37M72G2AWLL80Y""","=""FT8CJSQ2S2MAJQAL0C""",Fathimath Leeza,"=""Fathimath Leeza""",09-08-2027 09-00-00 Internet Banking,431.68,,567795.25
2027/08/10,2027/08/10,Favara Debit,"=""RBVIM9CDJBKWLMYKM9""","=""FTFJGJC8XER3VWJTQ4""",Ahmed Rasheed,"=""Ahmed Rasheed""",10-08-2027 01-00-00 Favara,484.85,,567310.40
2027/08/10,2027/08/10,Favara Credit,"=""RBN7J9DRB5DX8SQG9M""","=""FTQRTJUOR3VDZF0PO4""",Freelance Client 4,"=""Freelance Client 4""",10-08-2027 17-00-00 Favara,,63.02,567373.42
2027/08/11,2027/08/11,Favara Credit,"=""RBKRWKR38BIZDWWFJS""","=""FTRQ91LU1ZU9HFMPHZ""",Fathimath Leeza,"=""Fathimath Leeza""",11-08-2027 09-00-00 Favara,,116.19,567489.61
2027/08/12,2027/08/12,Transfer Credit,"=""RBNKIFFOY3Y1RVD0RQ""","=""FTT1O79UNAT6RG5ULP""",Mariyam Naaz,"=""Mariyam Naaz""",12-08-2027 01-00-00 Internet Banking,,169.36,567658.97
2027/08/12,2027/08/12,Transfer Debit,"=""RBTR8ZWK4ABIM2VA3D""","=""FTLU8BYUJQU6PUQ1KL""",Echbees LLP,"=""Echbees LLP""",12-08-2027 17-00-00 Internet Banking,221.00,,567437.97
2027/08/13,2027/08/13,Favara Debit,"=""RB53HY75M4RYRAIICM""","=""FTCBWKSPGD3WPRR2KU""",My Other Bank Account,"=""My Other Bank Account""",13-08-2027 09-00-00 Favara,274.17,,567163.80
2027/08/14,2027/08/14,Favara Credit,"=""RBAXMFEOYMMUTK20W5""","=""FTLBY84BW843DA7EMS""",My Other Bank Account,"=""My Other Bank Account""",14-08-2027 01-00-00 Favara,,327.34,567491.14
2027/08/14,2027/08/14,Purchase,"=""RBLP45704V3X826AN4""","=""FTD7OGHTBMKRXTYOU4""",14-08-2027,"=""Villa Mart""",14-08-2027 17-00-00,380.51,,567110.63
2027/08/15,2027/08/15,Purchase,"=""RBB1BV8TBIW7I885XM""","=""FT85M8TPW9I4EQFM8U""",15-08-2027,"=""Avas Ride""",15-08-2027 09-00-00,433.68,,566676.95
2027/08/16,2027/08/16,Purchase,"=""RB9OOR4W73K0ZCU3RF""","=""FT8CBWUFEVRAMWOBDR""",16-08-2027,"=""AliExpress""",16-08-2027 01-00-00,486.85,,566190.10
2027/08/16,2027/08/16,Purchase,"=""RB2B19SO1PJMNY22U7""","=""FTWAZ1YLR0IX2ANME3""",16-08-2027,"=""MPGOOGLE Google One""",16-08-2027 17-00-00,65.02,,566125.08
2027/08/17,2027/08/17,Bill Payment,"=""RBABGVMGK9XGP6TTRY""","=""FTVZHZAGCDU0LFQPII""",17-08-2027,"=""Dhiraagu BILLPAY""",17-08-2027 09-00-00,118.19,,566006.89
2027/08/18,2027/08/18,Salary,"=""RBDKBS3CV96LYDKBBR""","=""FTL6T7MBGVLR296PZ1""",Synthetic Employer Pvt Ltd,"=""Synthetic Employer Pvt Ltd""",18-08-2027 01-00-00,,11330.00,577336.89
2027/08/18,2027/08/18,ATM Withdrawal,"=""RBT0XC6MXUBY8K5D77""","=""FT7H7F0BR86S3O4W2V""",ATM Cash Withdrawal,"=""ATM Cash Withdrawal""",18-08-2027 17-00-00,223.00,,577113.89
2027/08/19,2027/08/19,Credit Card Payment,"=""RB2JF9OM9JS8G7VSH0""","=""FTQQZXT68NSFMM0PW0""",BML Credit Card Payment,"=""BML Credit Card Payment""",19-08-2027 09-00-00,276.17,,576837.72
2027/08/20,2027/08/20,Favara Debit,"=""RB9UJCKUNUCU9L4JME""","=""FTVCUFJ7Y7YQQY3DT2""",Fathimath Leeza,"=""Fathimath Leeza""",20-08-2027 01-00-00 Favara,329.34,,576508.38
2027/08/20,2027/08/20,Transfer Debit,"=""RBLHY3F2HZI24K39BB""","=""FT049D3CXVCFQDDFOM""",Ahmed Rasheed,"=""Ahmed Rasheed""",20-08-2027 17-00-00 Internet Banking,382.51,,576125.87
2027/08/21,2027/08/21,Favara Debit,"=""RBDCKJRD3UI368RIRP""","=""FT25YP8HKTZBAIKH1P""",Hussain Shafeeq,"=""Hussain Shafeeq""",21-08-2027 09-00-00 Favara,435.68,,575690.19
2027/08/22,2027/08/22,Favara Credit,"=""RBQO8R0D8VMXDJ353L""","=""FTJYNVM01L69MQISBX""",Freelance Client 1,"=""Freelance Client 1""",22-08-2027 01-00-00 Favara,,488.85,576179.04
2027/08/22,2027/08/22,Favara Credit,"=""RB4U3KT0SJYPZOGPMC""","=""FT19ELDMARQ37AJ57I""",Ahmed Rasheed,"=""Ahmed Rasheed""",22-08-2027 17-00-00 Favara,,67.02,576246.06
2027/08/23,2027/08/23,Transfer Credit,"=""RBQ8SX0X0CBZ52LCIZ""","=""FTMRM0XIYBFNGPOTCB""",Fathimath Leeza,"=""Fathimath Leeza""",23-08-2027 09-00-00 Internet Banking,,120.19,576366.25
2027/08/24,2027/08/24,Transfer Debit,"=""RBOD9ATXTOGOVUDSU7""","=""FTSAYSR1DDPULMWGU6""",Coral Works LLP,"=""Coral Works LLP""",24-08-2027 01-00-00 Internet Banking,173.36,,576192.89
2027/08/24,2027/08/24,Favara Debit,"=""RBWL5TUZRXVCMUUFZT""","=""FTMQY8CLIBVZ2DRCF9""",My Other Bank Account,"=""My Other Bank Account""",24-08-2027 17-00-00 Favara,225.00,,575967.89
