2026/01/02,2026/01/02,Purchase,"=""RBZECORTICP34HHGVR""","=""FTVKFOCG4VE27746M8""",02-01-2026,"=""Red Banana""",02-01-2026 09-00-00,78.17,,29921.83
2026/01/03,2026/01/03,Purchase,"=""RB0YRQEKGYNU48ASS3""","=""FT8Z8UYLO1VYQ5U9CY""",03-01-2026,"=""Avas Ride""",03-01-2026 01-00-00,131.34,,29790.49
2026/01/03,2026/01/03,Purchase,"=""RBV3639APHD9GQEMCB""","=""FTCVPTYJIPM0B8IZLU""",03-01-2026,"=""AliExpress""",03-01-2026 17-00-00,184.51,,29605.98
2026/01/04,2026/01/04,Purchase,"=""RBL5OCRIP0ANOA599S""","=""FTJB73NV5VVXZTABRX""",04-01-2026,"=""MPGOOGLE Google One""",04-01-2026 09-00-00,237.68,,29368.30
2026/01/05,2026/01/05,Bill Payment,"=""RBO1XXEFDBWJ8VMVVP""","=""FT6TLV8UCOTPYP53AY""",05-01-2026,"=""Dhiraagu BILLPAY""",05-01-2026 01-00-00,290.85,,29077.45
2026/01/05,2026/01/05,Salary,"=""RBIQG9ZG2CDRO8304B""","=""FTPUGQFOJED056GT56""",Synthetic Employer Pvt Ltd,"=""Synthetic Employer Pvt Ltd""",05-01-2026 17-00-00,,10582.00,39659.45
2026/01/06,2026/01/06,ATM Withdrawal,"=""RB6CFSWVXQGCO66SOM""","=""FTPAOB27WATZB5CC0W""",ATM Cash Withdrawal,"=""ATM Cash Withdrawal""",06-01-2026 09-00-00,397.19,,39262.26
2026/01/07,2026/01/07,Credit Card Payment,"=""RB7RCY0W3BV3GXJ6V3""","=""FT28JGEU6C07EXNT5J""",BML Credit Card Payment,"=""BML Credit Card Payment""",07-01-2026 01-00-00,450.36,,38811.90
2026/01/07,2026/01/07,Favara Debit,"=""RBZQVFEGO05GU4FKSO""","=""FTLUSIBL9OE65C5NGI""",Ali Shaheed,"=""Ali Shaheed""",07-01-2026 17-00-00 Favara,27.00,,38784.90
2026/01/08,2026/01/08,Transfer Debit,"=""RB56E2ILH8DQXPEFJB""","=""FTJHCDE97PHQOGYTM6""",Mariyam Naaz,"=""Mariyam Naaz""",08-01-2026 09-00-00 Internet Banking,80.17,,38704.73
2026/01/09,2026/01/09,Favara Debit,"=""RBBCCJ6EEP3ZTEWPHZ""","=""FTTYE6S3YAEY1YIQEP""",Fathimath Leeza,"=""Fathimath Leeza""",09-01-2026 01-00-00 Favara,133.34,,38571.39
2026/01/09,2026/01/09,Favara Credit,"=""RBCAZHVLCQ7K547OV9""","=""FT29KAD6X3SK4U5CPM""",Freelance Client 1,"=""Freelance Client 1""",09-01-2026 17-00-00 Favara,,186.51,38757.90
2026/01/10,2026/01/10,Favara Credit,"=""RBNUF5C0OYXJBCSHVW""","=""FTUOA0W1TC6UJCUIPJ""",Mariyam Naaz,"=""Mariyam Naaz""",10-01-2026 09-00-00 Favara,,239.68,38997.58
2026/01/11,2026/01/11,Transfer Credit,"=""RBJHO20HK8RV9EHQ28""","=""FTNS9FA8QCV2ZSNFD1""",Ali Shaheed,"=""Ali Shaheed""",11-01-2026 01-00-00 Internet Banking,,292.85,39290.43
2026/01/11,2026/01/11,Transfer Debit,"=""RBXXEXMLK863OSPHPW""","=""FTOTNNRD07BLPT0FWK""",Echbees LLP,"=""Echbees LLP""",11-01-2026 17-00-00 Internet Banking,346.02,,38944.41
2026/01/12,2026/01/12,Favara Debit,"=""RB93F1V2HSX9L7V8DW""","=""FTZT7VPYYUSQE2D2AZ""",My Other Bank Account,"=""My Other Bank Account""",12-01-2026 09-00-00 Favara,399.19,,38545.22
2026/01/13,2026/01/13,Favara Credit,"=""RB5NUBQVQ9EZMN8SQZ""","=""FT64RCSXYE64TKJ5TV""",My Other Bank Account,"=""My Other Bank Account""",13-01-2026 01-00-00 Favara,,452.36,38997.58
2026/01/13,2026/01/13,Purchase,"=""RBIGHJ3HWNSKF64VF9""","=""FTZG6Y9J5CPLLCXCS3""",13-01-2026,"=""Villa Mart""",13-01-2026 17-00-00,29.00,,38968.58
2026/01/14,2026/01/14,Purchase,"=""RBVZ089RUSL7L9DMP9""","=""FT0SCD8JK1JVKLFX6Q""",14-01-2026,"=""Avas Ride""",14-01-2026 09-00-00,82.17,,38886.41
2026/01/15,2026/01/15,Purchase,"=""RB31JNBIB76TX8R99I""","=""FT2TU695R2QCW1TQQV""",15-01-2026,"=""AliExpress""",15-01-2026 01-00-00,135.34,,38751.07
2026/01/15,2026/01/15,Purchase,"=""RBIV1M874EC6YUDW93""","=""FTF9KSXJVHVQEPEP4E""",15-01-2026,"=""MPGOOGLE YouTube Premium""",15-01-2026 17-00-00,188.51,,38562.56
2026/01/16,2026/01/16,Bill Payment,"=""RB6RTWEG3QOB8N87QH""","=""FTLJB9WGNN153L2ZAM""",16-01-2026,"=""STELCO BILLPAY""",16-01-2026 09-00-00,241.68,,38320.88
2026/01/17,2026/01/17,Salary,"=""RB437E1GBAY6B2EGZ2""","=""FTP2ZVJF0JRU12ES0T""",Synthetic Employer Pvt Ltd,"=""Synthetic Employer Pvt Ltd""",17-01-2026 01-00-00,,12231.00,50551.88
2026/01/17,2026/01/17,ATM Withdrawal,"=""RBN5HAE07SML0MQS75""","=""FTNXBMVZF0YBBHSCUN""",ATM Cash Withdrawal,"=""ATM Cash Withdrawal""",17-01-2026 17-00-00,348.02,,50203.86
2026/01/18,2026/01/18,Credit Card Payment,"=""RBVNST1LVPOUN2JP5X""","=""FTS2MP0YTT021APODJ""",BML Credit Card Payment,"=""BML Credit Card Payment""",18-01-2026 09-00-00,401.19,,49802.67
2026/01/19,2026/01/19,Favara Debit,"=""RB6L10R0HZJME6BJ93""","=""FT4CV7V0WPZI77EALI""",Mariyam Naaz,"=""Mariyam Naaz""",19-01-2026 01-00-00 Favara,454.36,,49348.31
2026/01/19,2026/01/19,Transfer Debit,"=""RB7C38VSLFN8WOMDVU""","=""FTZ4OHJOGVNRX9K35A""",Fathimath Leeza,"=""Fathimath Leeza""",19-01-2026 17-00-00 Internet Banking,31.00,,49317.31
2026/01/20,2026/01/20,Favara Debit,"=""RBH8E54QTAZXA4NRLP""","=""FT6CUJKXY6X78QJIE5""",Ahmed Rasheed,"=""Ahmed Rasheed""",20-01-2026 09-00-00 Favara,84.17,,49233.14
2026/01/21,2026/01/21,Favara Credit,"=""RBZHSKZL31DARQXKRU""","=""FT66S2964N9II9ZEUV""",Freelance Client 2,"=""Freelance Client 2""",21-01-2026 01-00-00 Favara,,137.34,49370.48
2026/01/21,2026/01/21,Favara Credit,"=""RBJVH819MMDV5G38R3""","=""FTF3MBFHV014HFCG2L""",Fathimath Leeza,"=""Fathimath Leeza""",21-01-2026 17-00-00 Favara,,190.51,49560.99
2026/01/22,2026/01/22,Transfer Credit,"=""RBGJW2N0HXGPMV9V5T""","=""FTEBHCZJJ2KMIHZART""",Mariyam Naaz,"=""Mariyam Naaz""",22-01-2026 09-00-00 Internet Banking,,243.68,49804.67
2026/01/23,2026/01/23,Transfer Debit,"=""RB8QUSTDQDWQJMCJOV""","=""FTL74C9OHJWB2UYD0A""",Coral Works LLP,"=""Coral Works LLP""",23-01-2026 01-00-00 Internet Banking,296.85,,49507.82
2026/01/23,2026/01/23,Favara Debit,"=""RBUNRZN3WUWQUO7USC""","=""FTDMT851H7OHFURM15""",My Other Bank Account,"=""My Other Bank Account""",23-01-2026 17-00-00 Favara,350.02,,49157.80
2026/01/24,2026/01/24,Favara Credit,"=""RBUNLC4FX9NNRZ8MQJ""","=""FTUE8BPRR1IT14K7UD""",My Other Bank Account,"=""My Other Bank Account""",24-01-2026 09-00-00 Favara,,403.19,49560.99
2026/01/25,2026/01/25,Purchase,"=""RBPHRLXD6WEPE7GCHW""","=""FTITYDICCSHKE0QY7Z""",25-01-2026,"=""Coral Cafe""",25-01-2026 01-00-00,456.36,,49104.63
2026/01/25,2026/01/25,Purchase,"=""RBPI6U3HGJ7I9LB93P""","=""FTXRSUBC5OQCXK2ZH5""",25-01-2026,"=""Avas Ride""",25-01-2026 17-00-00,33.00,,49071.63
2026/01/26,2026/01/26,Purchase,"=""RB6VTFOYFUY22WYGWP""","=""FTSJI3MAUXYBW76UJV""",26-01-2026,"=""AliExpress""",26-01-2026 09-00-00,86.17,,48985.46
2026/01/27,2026/01/27,Purchase,"=""RB6M1SW8RTMSJKUUIJ""","=""FT2Y5H9IIBOPYIRYWF""",27-01-2026,"=""MPGOOGLE Google One""",27-01-2026 01-00-00,139.34,,48846.12
2026/01/27,2026/01/27,Bill Payment,"=""RBEYVPLR37U3KBD2BR""","=""FTMBHDEI5BC83C3MKD""",27-01-2026,"=""Dhiraagu BILLPAY""",27-01-2026 17-00-00,192.51,,48653.61
2026/01/28,2026/01/28,Salary,"=""RBMWDYQYPGZ2RQM6OB""","=""FTSYVUNNQIQYY8R92W""",Synthetic Employer Pvt Ltd,"=""Synthetic Employer Pvt Ltd""",28-01-2026 09-00-00,,13880.00,62533.61
2026/01/29,2026/01/29,ATM Withdrawal,"=""RBUJHS25AMUNPR598A""","=""FTR4BS3CHJY6EZE2I9""",ATM Cash Withdrawal,"=""ATM Cash Withdrawal""",29-01-2026 01-00-00,298.85,,62234.76
2026/01/29,2026/01/29,Credit Card Payment,"=""RBIJINRJQYN7A3MWND""","=""FT26613QTKKVQ5K8WR""",BML Credit Card Payment,"=""BML Credit Card Payment""",29-01-2026 17-00-00,352.02,,61882.74
2026/01/30,2026/01/30,Favara Debit,"=""RB4QVDVQJBOHE7B5QH""","=""FTSIU4JGSP1F03JOV2""",Fathimath Leeza,"=""Fathimath Leeza""",30-01-2026 09-00-00 Favara,405.19,,61477.55
2026/01/31,2026/01/31,Transfer Debit,"=""RBCRRSZPQA297CB6K0""","=""FTSD6MDWDSN2F1HAR7""",Ahmed Rasheed,"=""Ahmed Rasheed""",31-01-2026 01-00-00 Internet Banking,458.36,,61019.19
2026/01/31,2026/01/31,Favara Debit,"=""RB57V174FN4TKKYP02""","=""FTLRDPOMMWUXB28BHH""",Hussain Shafeeq,"=""Hussain Shafeeq""",31-01-2026 17-00-00 Favara,35.00,,60984.19
2026/02/01,2026/02/01,Favara Credit,"=""RB9I2CVZD30JRR0GDM""","=""FTZ6PJHCDUVIUL91WO""",Freelance Client 3,"=""Freelance Client 3""",01-02-2026 09-00-00 Favara,,88.17,61072.36
2026/02/02,2026/02/02,Favara Credit,"=""RBZOJ1FW8XBQXXQBRE""","=""FTPQ4VNOPWRUFYLEG2""",Ahmed Rasheed,"=""Ahmed Rasheed""",02-02-2026 01-00-00 Favara,,141.34,61213.70
2026/02/02,2026/02/02,Transfer Credit,"=""RBC2D4ZQPG4AI9XAM6""","=""FTR6BFDQLZ3GYALZ01""",Fathimath Leeza,"=""Fathimath Leeza""",02-02-2026 17-00-00 Internet Banking,,194.51,61408.21
2026/02/03,2026/02/03,Transfer Debit,"=""RBTFE7IWQ28SNBR6K7""","=""FTECRP2SIRKTEUA487""",Digitopia Pvt Ltd,"=""Digitopia Pvt Ltd""",03-02-2026 09-00-00 Internet Banking,247.68,,61160.53
2026/02/04,2026/02/04,Favara Debit,"=""RBEWNPPWZJYZKTVFK5""","=""FTJJNI7YVII8M8TK00""",My Other Bank Account,"=""My Other Bank Account""",04-02-2026 01-00-00 Favara,300.85,,60859.68
2026/02/04,2026/02/04,Favara Credit,"=""RBLW8LHHAEWKBWDWG3""","=""FTPOV0I13J2Q4WZCDC""",My Other Bank Account,"=""My Other Bank Account""",04-02-2026 17-00-00 Favara,,354.02,61213.70
2026/02/05,2026/02/05,Purchase,"=""RB6KWIVWWHER5L7OZH""","=""FTLPW5MVPQHRS1OJTV""",05-02-2026,"=""Red Banana""",05-02-2026 09-00-00,407.19,,60806.51
2026/02/06,2026/02/06,Purchase,"=""RBABFNIFA3W61XXKC0""","=""FT4589RSSYH4RAOOIC""",06-02-2026,"=""Avas Ride""",06-02-2026 01-00-00,460.36,,60346.15
2026/02/06,2026/02/06,Purchase,"=""RBVI0D00JC5SH77JO6""","=""FTFOHI15J59XT0QNLN""",06-02-2026,"=""AliExpress""",06-02-2026 17-00-00,37.00,,60309.15
2026/02/07,2026/02/07,Purchase,"=""RBFR53TBHX0Z9QMISF""","=""FTM2F4A5ZNAQBTKPYB""",07-02-2026,"=""MPGOOGLE YouTube Premium""",07-02-2026 09-00-00,90.17,,60218.98
2026/02/08,2026/02/08,Bill Payment,"=""RBZXZ6M2E0HC9GOI9I""","=""FTTUQKAHCZ3O9SU2FE""",08-02-2026,"=""STELCO BILLPAY""",08-02-2026 01-00-00,143.34,,60075.64
2026/02/08,2026/02/08,Salary,"=""RBWBXWFS4WUU96RCHE""","=""FTS6MPCPFVJUUWJOJQ""",Synthetic Employer Pvt Ltd,"=""Synthetic Employer Pvt Ltd""",08-02-2026 17-00-00,,10529.00,70604.64
2026/02/09,2026/02/09,ATM Withdrawal,"=""RBI1YALASVKI8Q7TLO""","=""FTOPDGTBIV3AAY24K5""",ATM Cash Withdrawal,"=""ATM Cash Withdrawal""",09-02-2026 09-00-00,249.68,,70354.96
2026/02/10,2026/02/10,Credit Card Payment,"=""RB2XJXWTDGHEQPUFPI""","=""FTJ4FD9HJWUQO03DRC""",BML Credit Card Payment,"=""BML Credit Card Payment""",10-02-2026 01-00-00,302.85,,70052.11
2026/02/10,2026/02/10,Favara Debit,"=""RBTT085J94CEOARULE""","=""FTCCG86IIHLEWDQ84O""",Ahmed Rasheed,"=""Ahmed Rasheed""",10-02-2026 17-00-00 Favara,356.02,,69696.09
2026/02/11,2026/02/11,Transfer Debit,"=""RBLLN4O7PN8B6HRY82""","=""FTJG90UYDSY1X2WWDC""",Hussain Shafeeq,"=""Hussain Shafeeq""",11-02-2026 09-00-00 Internet Banking,409.19,,69286.90
2026/02/12,2026/02/12,Favara Debit,"=""RBAIIZZGTZCFAVWFWP""","=""FT8QUHZ4NPY8SVAAZ8""",Ali Shaheed,"=""Ali Shaheed""",12-02-2026 01-00-00 Favara,462.36,,68824.54
2026/02/12,2026/02/12,Favara Credit,"=""RBHZGKT1RG5R0885I0""","=""FTRUBFSO4QN6ZRGG6K""",Freelance Client 4,"=""Freelance Client 4""",12-02-2026 17-00-00 Favara,,39.00,68863.54
2026/02/13,2026/02/13,Favara Credit,"=""RB66RC3EK990TW0GJJ""","=""FT3RO4PGX3BRCN77S9""",Hussain Shafeeq,"=""Hussain Shafeeq""",13-02-2026 09-00-00 Favara,,92.17,68955.71
2026/02/14,2026/02/14,Transfer Credit,"=""RBM76OWAW0L9TI857T""","=""FTLSV5ALJJYLZP6LMK""",Ahmed Rasheed,"=""Ahmed Rasheed""",14-02-2026 01-00-00 Internet Banking,,145.34,69101.05
2026/02/14,2026/02/14,Transfer Debit,"=""RBIQIMI6PR0HOA2B5S""","=""FT0IJAEP12TGNC0GL9""",Echbees LLP,"=""Echbees LLP""",14-02-2026 17-00-00 Internet Banking,198.51,,68902.54
2026/02/15,2026/02/15,Favara Debit,"=""RB0WGQD5ILBU7FZBAP""","=""FTTIVYP7NJ9MNUE8LK""",My Other Bank Account,"=""My Other Bank Account""",15-02-2026 09-00-00 Favara,251.68,,68650.86
2026/02/16,2026/02/16,Favara Credit,"=""RBVKVVH94EGOEV7UC2""","=""FT1PBEU407A78WZ9DJ""",My Other Bank Account,"=""My Other Bank Account""",16-02-2026 01-00-00 Favara,,304.85,68955.71
2026/02/16,2026/02/16,Purchase,"=""RB3VIRMNWOQL55A830""","=""FTOBHTG7TBCE499C7F""",16-02-2026,"=""Villa Mart""",16-02-2026 17-00-00,358.02,,68597.69
2026/02/17,2026/02/17,Purchase,"=""RBF41P41XG3B2M0A0W""","=""FT6RKHPP6D750CP61J""",17-02-2026,"=""Avas Ride""",17-02-2026 09-00-00,411.19,,68186.50
2026/02/18,2026/02/18,Purchase,"=""RBY1N8K1NOET7DMHRC""","=""FT7OOIA8JP2GOU7UWX""",18-02-2026,"=""AliExpress""",18-02-2026 01-00-00,464.36,,67722.14
2026/02/18,2026/02/18,Purchase,"=""RBZB3JET4ORM7OGK8K""","=""FT93YOE9ZX6JV0UQM1""",18-02-2026,"=""MPGOOGLE Google One""",18-02-2026 17-00-00,41.00,,67681.14
2026/02/19,2026/02/19,Bill Payment,"=""RBHR1WGR7B5EPDPNBB""","=""FTWFJ9PWYFCDV0Y3D2""",19-02-2026,"=""Dhiraagu BILLPAY""",19-02-2026 09-00-00,94.17,,67586.97
2026/02/20,2026/02/20,Salary,"=""RBC330COPZ4NZHCEWP""","=""FTS6C053OG5AYNMK37""",Synthetic Employer Pvt Ltd,"=""Synthetic Employer Pvt Ltd""",20-02-2026 01-00-00,,12178.00,79764.97
2026/02/20,2026/02/20,ATM Withdrawal,"=""RB88UPO3WGJZX312L8""","=""FTX29K73IB38XE5KPT""",ATM Cash Withdrawal,"=""ATM Cash Withdrawal""",20-02-2026 17-00-00,200.51,,79564.46
2026/02/21,2026/02/21,Credit Card Payment,"=""RBF7YCVAKX7AXAEHZ7""","=""FTYL1W2G0OYGKOQ0OL""",BML Credit Card Payment,"=""BML Credit Card Payment""",21-02-2026 09-00-00,253.68,,79310.78
2026/02/22,2026/02/22,Favara Debit,"=""RBQZCGU0B52VOQU463""","=""FTQE0HN43JO5YGUG1U""",Hussain Shafeeq,"=""Hussain Shafeeq""",22-02-2026 01-00-00 Favara,306.85,,79003.93
2026/02/22,2026/02/22,Transfer Debit,"=""RB6CYAF7MW6RNRU9XY""","=""FT47PN8YU4IHWHROE2""",Ali Shaheed,"=""Ali Shaheed""",22-02-2026 17-00-00 Internet Banking,360.02,,78643.91
2026/02/23,2026/02/23,Favara Debit,"=""RB9FQ8SAF7ULJ7N8O7""","=""FTKD0LN0AFBWD7UG3E""",Mariyam Naaz,"=""Mariyam Naaz""",23-02-2026 09-00-00 Favara,413.19,,78230.72
2026/02/24,2026/02/24,Favara Credit,"=""RBE4S3B45WHJVWY481""","=""FT9GQJ3A31HAMATOKP""",Freelance Client 1,"=""Freelance Client 1""",24-02-2026 01-00-00 Favara,,466.36,78697.08
2026/02/24,2026/02/24,Favara Credit,"=""RB5OF1J7VEB0AYK0VY""","=""FTT61P9FVMGGNOUUNK""",Ali Shaheed,"=""Ali Shaheed""",24-02-2026 17-00-00 Favara,,43.00,78740.08
2026/02/25,2026/02/25,Transfer Credit,"=""RBE9LSOLJI0HUZSU5V""","=""FTFOIBGOIA6SYCFGC5""",Hussain Shafeeq,"=""Hussain Shafeeq""",25-02-2026 09-00-00 Internet Banking,,96.17,78836.25
2026/02/26,2026/02/26,Transfer Debit,"=""RB0I0NZ4WGACO7BLNO""","=""FTWF5R47QOBF1HK7R3""",Coral Works LLP,"=""Coral Works LLP""",26-02-2026 01-00-00 Internet Banking,149.34,,78686.91
2026/02/26,2026/02/26,Favara Debit,"=""RB8MJSE0M527KHSUZR""","=""FTAUYPXEZ7R0LGCIUU""",My Other Bank Account,"=""My Other Bank Account""",26-02-2026 17-00-00 Favara,202.51,,78484.40
2026/02/27,2026/02/27,Favara Credit,"=""RBL14A9I91RWPJBT86""","=""FTC202GPBVA7ISRVKK""",My Other Bank Account,"=""My Other Bank Account""",27-02-2026 09-00-00 Favara,,255.68,78740.08
2026/02/28,2026/02/28,Purchase,"=""RB54KVO98DNTYETBOB""","=""FTOO4L1LGRH19NTNO8""",28-02-2026,"=""Coral Cafe""",28-02-2026 01-00-00,308.85,,78431.23
2026/02/28,2026/02/28,Purchase,"=""RBIIHJ24XX8VV0REH9""","=""FTS0VWBESTHLTQ0ZGA""",28-02-2026,"=""Avas Ride""",28-02-2026 17-00-00,362.02,,78069.21
2026/03/01,2026/03/01,Purchase,"=""RBEES7S3714FJLU438""","=""FT2N8NDODK7CAK7W2A""",01-03-2026,"=""AliExpress""",01-03-2026 09-00-00,415.19,,77654.02
2026/03/02,2026/03/02,Purchase,"=""RBHVFDVV33V07CGHD3""","=""FTG1UP4YA9Y01U620A""",02-03-2026,"=""MPGOOGLE YouTube Premium""",02-03-2026 01-00-00,468.36,,77185.66
2026/03/02,2026/03/02,Bill Payment,"=""RB2V9VWYVKJGNMVF0K""","=""FT39Z5C5DO23LII6EC""",02-03-2026,"=""STELCO BILLPAY""",02-03-2026 17-00-00,45.00,,77140.66
2026/03/03,2026/03/03,Salary,"=""RBD92NCPFFWS58QMO4""","=""FTH51SDQ0LRZPNV49W""",Synthetic Employer Pvt Ltd,"=""Synthetic Employer Pvt Ltd""",03-03-2026 09-00-00,,13827.00,90967.66
2026/03/04,2026/03/04,ATM Withdrawal,"=""RBU3NR0J2IEAIQFYO7""","=""FTB45HPXUZJJHKW5FY""",ATM Cash Withdrawal,"=""ATM Cash Withdrawal""",04-03-2026 01-00-00,151.34,,90816.32
2026/03/04,2026/03/04,Credit Card Payment,"=""RBIDMW87XTFVPVBMYC""","=""FTEBMINLR0GMUXK99N""",BML Credit Card Payment,"=""BML Credit Card Payment""",04-03-2026 17-00-00,204.51,,90611.81
2026/03/05,2026/03/05,Favara Debit,"=""RB69VKC92EUOHACS10""","=""FTJ3IMAIJ1L24AW3L8""",Ali Shaheed,"=""Ali Shaheed""",05-03-2026 09-00-00 Favara,257.68,,90354.13
2026/03/06,2026/03/06,Transfer Debit,"=""RBJQQPTLVQMPXOU3O0""","=""FTS84QTZ1SDYFABR8D""",Mariyam Naaz,"=""Mariyam Naaz""",06-03-2026 01-00-00 Internet Banking,310.85,,90043.28
2026/03/06,2026/03/06,Favara Debit,"=""RB2PXQN483GQDDT8LY""","=""FTTD4DS76B8YZYMVB9""",Fathimath Leeza,"=""Fathimath Leeza""",06-03-2026 17-00-00 Favara,364.02,,89679.26
2026/03/07,2026/03/07,Favara Credit,"=""RB1NHL2DDK90Y0T1OG""","=""FTQEZ3YRNX8NZTKZ5Q""",Freelance Client 2,"=""Freelance Client 2""",07-03-2026 09-00-00 Favara,,417.19,90096.45
2026/03/08,2026/03/08,Favara Credit,"=""RBZKWN6LXC02PV26J2""","=""FTIZ4KJIJWOZ4SJDOQ""",Mariyam Naaz,"=""Mariyam Naaz""",08-03-2026 01-00-00 Favara,,470.36,90566.81
2026/03/08,2026/03/08,Transfer Credit,"=""RB5PYGZ864446U7PRB""","=""FT4N83Y0ITX8MTL9FJ""",Ali Shaheed,"=""Ali Shaheed""",08-03-2026 17-00-00 Internet Banking,,47.00,90613.81
2026/03/09,2026/03/09,Transfer Debit,"=""RBGA4S9RHD29J7PT2J""","=""FT4GUILOSO1UTTFJ4S""",Digitopia Pvt Ltd,"=""Digitopia Pvt Ltd""",09-03-2026 09-00-00 Internet Banking,100.17,,90513.64
2026/03/10,2026/03/10,Favara Debit,"=""RB2Z967REHNNWM8P5W""","=""FTU5PUR63MKA8ZF9RC""",My Other Bank Account,"=""My Other Bank Account""",10-03-2026 01-00-00 Favara,153.34,,90360.30
2026/03/10,2026/03/10,Favara Credit,"=""RBW4MQ5YF6WM2ICX0G""","=""FTSS2W7VHWYLPJN4Y8""",My Other Bank Account,"=""My Other Bank Account""",10-03-2026 17-00-00 Favara,,206.51,90566.81
2026/03/11,2026/03/11,Purchase,"=""RBO9WIAAK37QC1Y7MB""","=""FT0GHER05V2S7L4K8S""",11-03-2026,"=""Red Banana""",11-03-2026 09-00-00,259.68,,90307.13
2026/03/12,2026/03/12,Purchase,"=""RB41FTR1O8DN36LVQ1""","=""FTLEXCOL54KHX15BHJ""",12-03-2026,"=""Avas Ride""",12-03-2026 01-00-00,312.85,,89994.28
2026/03/12,2026/03/12,Purchase,"=""RBVS70HT9QBBFEXXN9""","=""FTMKZBQZK2NU7ONF4Z""",12-03-2026,"=""AliExpress""",12-03-2026 17-00-00,366.02,,89628.26
2026/03/13,2026/03/13,Purchase,"=""RBCBPVJVRARIIFM0RG""","=""FT2TAAVLQW6D353XYT""",13-03-2026,"=""MPGOOGLE Google One""",13-03-2026 09-00-00,419.19,,89209.07
2026/03/14,2026/03/14,Bill Payment,"=""RBWWFM7UP822YBHB0K""","=""FTF4HCF4LVMN6H8ZQW""",14-03-2026,"=""Dhiraagu BILLPAY""",14-03-2026 01-00-00,472.36,,88736.71
2026/03/14,2026/03/14,Salary,"=""RB4VNI78MGS2Z714N2""","=""FTZOYS3SPKQW1ULF8V""",Synthetic Employer Pvt Ltd,"=""Synthetic Employer Pvt Ltd""",14-03-2026 17-00-00,,10476.00,99212.71
2026/03/15,2026/03/15,ATM Withdrawal,"=""RBPFQF7U4XEWFS37NA""","=""FTPRZECVBE32OAKZ31""",ATM Cash Withdrawal,"=""ATM Cash Withdrawal""",15-03-2026 09-00-00,102.17,,99110.54
2026/03/16,2026/03/16,Credit Card Payment,"=""RBEV2XWISPGXAOCTFH""","=""FT9TTVPJIZAV56L5RD""",BML Credit Card Payment,"=""BML Credit Card Payment""",16-03-2026 01-00-00,155.34,,98955.20
2026/03/16,2026/03/16,Favara Debit,"=""RB4HQRSJS5V6XXL0QU""","=""FTDUJWFFXWG1G0ADUO""",Mariyam Naaz,"=""Mariyam Naaz""",16-03-2026 17-00-00 Favara,208.51,,98746.69
2026/03/17,2026/03/17,Transfer Debit,"=""RBPH55XQVYO44YQJ8H""","=""FTU26D1DFOSON0V4W5""",Fathimath Leeza,"=""Fathimath Leeza""",17-03-2026 09-00-00 Internet Banking,261.68,,98485.01
2026/03/18,2026/03/18,Favara Debit,"=""RBVO2UAE3ETC7OMU0I""","=""FTMLSO58G4N8YYU4H2""",Ahmed Rasheed,"=""Ahmed Rasheed""",18-03-2026 01-00-00 Favara,314.85,,98170.16
2026/03/18,2026/03/18,Favara Credit,"=""RBB2YZVQZ5NDR9NW64""","=""FTO1Y985C20PSLAFW2""",Freelance Client 3,"=""Freelance Client 3""",18-03-2026 17-00-00 Favara,,368.02,98538.18
2026/03/19,2026/03/19,Favara Credit,"=""RBZKXVQYPP7V6WHW25""","=""FTU5SK6WX2C744AFFL""",Fathimath Leeza,"=""Fathimath Leeza""",19-03-2026 09-00-00 Favara,,421.19,98959.37
2026/03/20,2026/03/20,Transfer Credit,"=""RBKMKE7P6VLMSTWKNK""","=""FTEGTONPF8BKUP6Q3R""",Mariyam Naaz,"=""Mariyam Naaz""",20-03-2026 01-00-00 Internet Banking,,474.36,99433.73
2026/03/20,2026/03/20,Transfer Debit,"=""RBRG1UI8IBK9OL3LPD""","=""FT9CFL8A23O53CRETA""",Echbees LLP,"=""Echbees LLP""",20-03-2026 17-00-00 Internet Banking,51.00,,99382.73
2026/03/21,2026/03/21,Favara Debit,"=""RBYAE9CG6SCYPEJOM1""","=""FTJRVUSOOG5R6SND12""",My Other Bank Account,"=""My Other Bank Account""",21-03-2026 09-00-00 Favara,104.17,,99278.56
2026/03/22,2026/03/22,Favara Credit,"=""RBYMTGCNK8XMSMBS0W""","=""FTZGCKVMSN0AQU5A55""",My Other Bank Account,"=""My Other Bank Account""",22-03-2026 01-00-00 Favara,,157.34,99435.90
2026/03/22,2026/03/22,Purchase,"=""RBXJN6E1G2P73L1RXT""","=""FTT467BMEBJWGGJD97""",22-03-2026,"=""Villa Mart""",22-03-2026 17-00-00,210.51,,99225.39
2026/03/23,2026/03/23,Purchase,"=""RB48CCVMJ6X5095JKK""","=""FT0GXQ80QJ9WG8M3GH""",23-03-2026,"=""Avas Ride""",23-03-2026 09-00-00,263.68,,98961.71
2026/03/24,2026/03/24,Purchase,"=""RBOBXLKD8JAR069DNE""","=""FTCLSHG51DLXYP57G1""",24-03-2026,"=""AliExpress""",24-03-2026 01-00-00,316.85,,98644.86
2026/03/24,2026/03/24,Purchase,"=""RB56N1J2TYDOVTN811""","=""FTRYKLN70LP52YFSO1""",24-03-2026,"=""MPGOOGLE YouTube Premium""",24-03-2026 17-00-00,370.02,,98274.84
2026/03/25,2026/03/25,Bill Payment,"=""RBC3SMYB1ZB2FRW475""","=""FTJH4AMK0RHPF71CY4""",25-03-2026,"=""STELCO BILLPAY""",25-03-2026 09-00-00,423.19,,97851.65
2026/03/26,2026/03/26,Salary,"=""RBXPG8N68QNSIBKQEV""","=""FTXW2Z6BPBVXCYM7OV""",Synthetic Employer Pvt Ltd,"=""Synthetic Employer Pvt Ltd""",26-03-2026 01-00-00,,12125.00,109976.65
2026/03/26,2026/03/26,ATM Withdrawal,"=""RB7YEMD3KD98XMSULS""","=""FTZ4JBXX5YTIYDB5VC""",ATM Cash Withdrawal,"=""ATM Cash Withdrawal""",26-03-2026 17-00-00,53.00,,109923.65
2026/03/27,2026/03/27,Credit Card Payment,"=""RBQT7AVBFWPKGY4STV""","=""FT55OX2OHKUF1LHGWH""",BML Credit Card Payment,"=""BML Credit Card Payment""",27-03-2026 09-00-00,106.17,,109817.48
2026/03/28,2026/03/28,Favara Debit,"=""RBRAT7ZM8NKMRO6UA0""","=""FTZNF2STLN5347NT0U""",Fathimath Leeza,"=""Fathimath Leeza""",28-03-2026 01-00-00 Favara,159.34,,109658.14
2026/03/28,2026/03/28,Transfer Debit,"=""RBPLE64KOGGRPCHMG7""","=""FTYIWGG07YWXIN79SY""",Ahmed Rasheed,"=""Ahmed Rasheed""",28-03-2026 17-00-00 Internet Banking,212.51,,109445.63
2026/03/29,2026/03/29,Favara Debit,"=""RBSPCV1BYRBGIBT4SF""","=""FT4JWHQ5GUPBX9A2LI""",Hussain Shafeeq,"=""Hussain Shafeeq""",29-03-2026 09-00-00 Favara,265.68,,109179.95
2026/03/30,2026/03/30,Favara Credit,"=""RB1U2PMM2DW6D7ERI7""","=""FTF76IU961XH91JU6M""",Freelance Client 4,"=""Freelance Client 4""",30-03-2026 01-00-00 Favara,,318.85,109498.80
2026/03/30,2026/03/30,Favara Credit,"=""RBQOSKU8EVVIZ5ZZY5""","=""FTPQMLGFD6K0U2SKGG""",Ahmed Rasheed,"=""Ahmed Rasheed""",30-03-2026 17-00-00 Favara,,372.02,109870.82
2026/03/31,2026/03/31,Transfer Credit,"=""RBHCO6TYJVPFL4IMDP""","=""FT9L35E9ZNUXRAX82H""",Fathimath Leeza,"=""Fathimath Leeza""",31-03-2026 09-00-00 Internet Banking,,425.19,110296.01
2026/04/01,2026/04/01,Transfer Debit,"=""RBIWC4YYTKN2XTGJS0""","=""FTKJI4541G1XKELNOA""",Coral Works LLP,"=""Coral Works LLP""",01-04-2026 01-00-00 Internet Banking,478.36,,109817.65
2026/04/01,2026/04/01,Favara Debit,"=""RB28KV6ZN54YRLRCOI""","=""FTH8GAUQ6HHUMXOZMQ""",My Other Bank Account,"=""My Other Bank Account""",01-04-2026 17-00-00 Favara,55.00,,109762.65
2026/04/02,2026/04/02,Favara Credit,"=""RB7D3TT3FDYJHAYEEC""","=""FTUCLRQT1M14RVGWCZ""",My Other Bank Account,"=""My Other Bank Account""",02-04-2026 09-00-00 Favara,,108.17,109870.82
2026/04/03,2026/04/03,Purchase,"=""RBY6MF3M9ZIDAJSKWU""","=""FTHNXR377XG2DAHJ7P""",03-04-2026,"=""Coral Cafe""",03-04-2026 01-00-00,161.34,,109709.48
2026/04/03,2026/04/03,Purchase,"=""RBSZ5QSS9Y2DQ6U15M""","=""FTCH7A2K0FTQS6JZSW""",03-04-2026,"=""Avas Ride""",03-04-2026 17-00-00,214.51,,109494.97
2026/04/04,2026/04/04,Purchase,"=""RBHMR1F4A5VCN5YO6J""","=""FTFCVMJXO3WI8BWJCW""",04-04-2026,"=""AliExpress""",04-04-2026 09-00-00,267.68,,109227.29
2026/04/05,2026/04/05,Purchase,"=""RBIL5S7OJDJE2ND14P""","=""FTS2Z3U6WPAI5DAU9A""",05-04-2026,"=""MPGOOGLE Google One""",05-04-2026 01-00-00,320.85,,108906.44
2026/04/05,2026/04/05,Bill Payment,"=""RBVFSNIJWIFXI8T6B7""","=""FTF0MU1FOISODLKALH""",05-04-2026,"=""Dhiraagu BILLPAY""",05-04-2026 17-00-00,374.02,,108532.42
2026/04/06,2026/04/06,Salary,"=""RBDKGULGGMDQPAJI85""","=""FTCNPCU7H7YTE0X2S6""",Synthetic Employer Pvt Ltd,"=""Synthetic Employer Pvt Ltd""",06-04-2026 09-00-00,,13774.00,122306.42
2026/04/07,2026/04/07,ATM Withdrawal,"=""RBYQMTL48OGSLP9GOP""","=""FTA49VZBB5SFGIZY14""",ATM Cash Withdrawal,"=""ATM Cash Withdrawal""",07-04-2026 01-00-00,480.36,,121826.06
2026/04/07,2026/04/07,Credit Card Payment,"=""RBY6FCSDD8CLEM1QKX""","=""FTU3XHXRV6NWIEDO0E""",BML Credit Card Payment,"=""BML Credit Card Payment""",07-04-2026 17-00-00,57.00,,121769.06
2026/04/08,2026/04/08,Favara Debit,"=""RBUXX4TP8U6K3TLXK2""","=""FTTSTPIZF3PG4WP3BQ""",Ahmed Rasheed,"=""Ahmed Rasheed""",08-04-2026 09-00-00 Favara,110.17,,121658.89
2026/04/09,2026/04/09,Transfer Debit,"=""RB6API548MAXMJFRX9""","=""FTCBHV1MLTKXHSZ2V4""",Hussain Shafeeq,"=""Hussain Shafeeq""",09-04-2026 01-00-00 Internet Banking,163.34,,121495.55
2026/04/09,2026/04/09,Favara Debit,"=""RBY22SB88DGGPTFXP2""","=""FT2GGZAE8JXFTYF50B""",Ali Shaheed,"=""Ali Shaheed""",09-04-2026 17-00-00 Favara,216.51,,121279.04
2026/04/10,2026/04/10,Favara Credit,"=""RB61XTFYFH3LN8U8IX""","=""FT6TZJYBVP2AQGXF7Y""",Freelance Client 1,"=""Freelance Client 1""",10-04-2026 09-00-00 Favara,,269.68,121548.72
2026/04/11,2026/04/11,Favara Credit,"=""RB6SGX2GWK5LF9ECY8""","=""FTGT8CKSRC3KI3HL5A""",Hussain Shafeeq,"=""Hussain Shafeeq""",11-04-2026 01-00-00 Favara,,322.85,121871.57
2026/04/11,2026/04/11,Transfer Credit,"=""RBCT4SS2NE1NMXFQT6""","=""FTVUEJI0G6UQUDY6Z8""",Ahmed Rasheed,"=""Ahmed Rasheed""",11-04-2026 17-00-00 Internet Banking,,376.02,122247.59
2026/04/12,2026/04/12,Transfer Debit,"=""RB3K9A89OWFQW3NUXI""","=""FTVIKJFRLTNPH5VOVH""",Digitopia Pvt Ltd,"=""Digitopia Pvt Ltd""",12-04-2026 09-00-00 Internet Banking,429.19,,121818.40
2026/04/13,2026/04/13,Favara Debit,"=""RBSV4Z2XSPU1PQS8SF""","=""FT71AWS471YEFJ7XQW""",My Other Bank Account,"=""My Other Bank Account""",13-04-2026 01-00-00 Favara,482.36,,121336.04
2026/04/13,2026/04/13,Favara Credit,"=""RBZG9QYU7HCORHVEX8""","=""FTOF1HUUFOGL16NCPW""",My Other Bank Account,"=""My Other Bank Account""",13-04-2026 17-00-00 Favara,,59.00,121395.04
2026/04/14,2026/04/14,Purchase,"=""RBW0X8M4X4A8VAHN2T""","=""FT6LRJLY74A3E5XRGI""",14-04-2026,"=""Red Banana""",14-04-2026 09-00-00,112.17,,121282.87
2026/04/15,2026/04/15,Purchase,"=""RBBCQZD6STVKPKVYPM""","=""FTEZNLGRWOZ7YSTTN4""",15-04-2026,"=""Avas Ride""",15-04-2026 01-00-00,165.34,,121117.53
2026/04/15,2026/04/15,Purchase,"=""RB15OKACIY7DX3DT1J""","=""FTEX2N7IOS3937GFDA""",15-04-2026,"=""AliExpress""",15-04-2026 17-00-00,218.51,,120899.02
2026/04/16,2026/04/16,Purchase,"=""RBAEVGRNKXVAF4MV5K""","=""FTXDBDPHHAREFGPFMD""",16-04-2026,"=""MPGOOGLE YouTube Premium""",16-04-2026 09-00-00,271.68,,120627.34
2026/04/17,2026/04/17,Bill Payment,"=""RBFZEDF9OZ26QP3YFK""","=""FTF23W6PVPX6XRMXBP""",17-04-2026,"=""STELCO BILLPAY""",17-04-2026 01-00-00,324.85,,120302.49
2026/04/17,2026/04/17,Salary,"=""RBN07ZFI8N5LNH5YXJ""","=""FTPT7R0QM1M33BS3LF""",Synthetic Employer Pvt Ltd,"=""Synthetic Employer Pvt Ltd""",17-04-2026 17-00-00,,10423.00,130725.49
2026/04/18,2026/04/18,ATM Withdrawal,"=""RBRAF5WBAO6AXJJGU4""","=""FTW81U1XOS8N0DVPHH""",ATM Cash Withdrawal,"=""ATM Cash Withdrawal""",18-04-2026 09-00-00,431.19,,130294.30
2026/04/19,2026/04/19,Credit Card Payment,"=""RBW2E0MYT9PJY75VPN""","=""FTTK3REYRMFCBIICSV""",BML Credit Card Payment,"=""BML Credit Card Payment""",19-04-2026 01-00-00,484.36,,129809.94
2026/04/19,2026/04/19,Favara Debit,"=""RBF5KK0SZDV719EWRX""","=""FTZ5UUM95K5SA25ZG9""",Hussain Shafeeq,"=""Hussain Shafeeq""",19-04-2026 17-00-00 Favara,61.00,,129748.94
2026/04/20,2026/04/20,Transfer Debit,"=""RB26QQXJCBXSBJXNG2""","=""FTPVE84PY24TCEQJZ8""",Ali Shaheed,"=""Ali Shaheed""",20-04-2026 09-00-00 Internet Banking,114.17,,129634.77
2026/04/21,2026/04/21,Favara Debit,"=""RBFLNINXDXHZAZ2ITM""","=""FT6HKZRG5NKP4WSLX5""",Mariyam Naaz,"=""Mariyam Naaz""",21-04-2026 01-00-00 Favara,167.34,,129467.43
2026/04/21,2026/04/21,Favara Credit,"=""RB2EMM5QSMT1V7DIXC""","=""FTBAIT0LN8QCPP5BEC""",Freelance Client 2,"=""Freelance Client 2""",21-04-2026 17-00-00 Favara,,220.51,129687.94
2026/04/22,2026/04/22,Favara Credit,"=""RBV8SO5YI6X16S5CLP""","=""FTGSRTRI45KR4LXN65""",Ali Shaheed,"=""Ali Shaheed""",22-04-2026 09-00-00 Favara,,273.68,129961.62
2026/04/23,2026/04/23,Transfer Credit,"=""RBE6LVNAER63GC9UYE""","=""FTL33G643SHDLR43JE""",Hussain Shafeeq,"=""Hussain Shafeeq""",23-04-2026 01-00-00 Internet Banking,,326.85,130288.47
2026/04/23,2026/04/23,Transfer Debit,"=""RBAM56HGGDCWVUT51Y""","=""FTKG1AA9TV6THBWP2E""",Echbees LLP,"=""Echbees LLP""",23-04-2026 17-00-00 Internet Banking,380.02,,129908.45
2026/04/24,2026/04/24,Favara Debit,"=""RB4PHFSCO0FEHRDE13""","=""FTF1QTMA6FZOBT26RQ""",My Other Bank Account,"=""My Other Bank Account""",24-04-2026 09-00-00 Favara,433.19,,129475.26
2026/04/25,2026/04/25,Favara Credit,"=""RBDI5VXJIDLZC9QTEQ""","=""FTLEHE1V8OYDBCY3WB""",My Other Bank Account,"=""My Other Bank Account""",25-04-2026 01-00-00 Favara,,486.36,129961.62
2026/04/25,2026/04/25,Purchase,"=""RBNMU5U2G54JKNK3GW""","=""FT6D93HRIZ8J0S7SW3""",25-04-2026,"=""Villa Mart""",25-04-2026 17-00-00,63.00,,129898.62
2026/04/26,2026/04/26,Purchase,"=""RBOCXG75V89ZDZIPCZ""","=""FTPDZ8Z64IJ64OIN3K""",26-04-2026,"=""Avas Ride""",26-04-2026 09-00-00,116.17,,129782.45
2026/04/27,2026/04/27,Purchase,"=""RBQAXQ3MNFC3IV7ORG""","=""FTXXROV1BGBBV8SF2I""",27-04-2026,"=""AliExpress""",27-04-2026 01-00-00,169.34,,129613.11
2026/04/27,2026/04/27,Purchase,"=""RB5EVBEFAUCMM57TUW""","=""FTA9UB2PVEI65XJ4DW""",27-04-2026,"=""MPGOOGLE Google One""",27-04-2026 17-00-00,222.51,,129390.60
2026/04/28,2026/04/28,Bill Payment,"=""RBD1H3W9URYTE0ABHV""","=""FTSBXMZ5FDB0U1OHB9""",28-04-2026,"=""Dhiraagu BILLPAY""",28-04-2026 09-00-00,275.68,,129114.92
2026/04/29,2026/04/29,Salary,"=""RB4NG1PYTO1B20TS14""","=""FTB6RO9OAEJ5R4O9BO""",Synthetic Employer Pvt Ltd,"=""Synthetic Employer Pvt Ltd""",29-04-2026 01-00-00,,12072.00,141186.92
2026/04/29,2026/04/29,ATM Withdrawal,"=""RBPGQKFFFLANSGXUX7""","=""FTE3RLZ8FDIVK9CFL1""",ATM Cash Withdrawal,"=""ATM Cash Withdrawal""",29-04-2026 17-00-00,382.02,,140804.90
2026/04/30,2026/04/30,Credit Card Payment,"=""RBOENPK9JOZIMAPAES""","=""FT48IF211HFAQ90JT3""",BML Credit Card Payment,"=""BML Credit Card Payment""",30-04-2026 09-00-00,435.19,,140369.71
2026/05/01,2026/05/01,Favara Debit,"=""RBTFMF265Y8H0R61XK""","=""FTO6VZ88G903LW6NIL""",Ali Shaheed,"=""Ali Shaheed""",01-05-2026 01-00-00 Favara,488.36,,139881.35
2026/05/01,2026/05/01,Transfer Debit,"=""RBWTCGOB70S02VLXMS""","=""FTWTNT0QNEHT50KW3I""",Mariyam Naaz,"=""Mariyam Naaz""",01-05-2026 17-00-00 Internet Banking,65.00,,139816.35
2026/05/02,2026/05/02,Favara Debit,"=""RBNVPWKGP85BKN0JNF""","=""FTIS3Q6OOE0TOY8BQV""",Fathimath Leeza,"=""Fathimath Leeza""",02-05-2026 09-00-00 Favara,118.17,,139698.18
2026/05/03,2026/05/03,Favara Credit,"=""RB4BNNA98DUDHFUQT4""","=""FTRDFTHZNET5RMYN9W""",Freelance Client 3,"=""Freelance Client 3""",03-05-2026 01-00-00 Favara,,171.34,139869.52
2026/05/03,2026/05/03,Favara Credit,"=""RB9P84SRPNJZ52TW21""","=""FT4FQ7R2196URCH69W""",Mariyam Naaz,"=""Mariyam Naaz""",03-05-2026 17-00-00 Favara,,224.51,140094.03
2026/05/04,2026/05/04,Transfer Credit,"=""RBIJJLRJKQ8T246PGJ""","=""FTBFANGNYZ74HET5FJ""",Ali Shaheed,"=""Ali Shaheed""",04-05-2026 09-00-00 Internet Banking,,277.68,140371.71
2026/05/05,2026/05/05,Transfer Debit,"=""RBBS1APZLAT6DD2W3K""","=""FTSYALGDK9K7S606Z5""",Coral Works LLP,"=""Coral Works LLP""",05-05-2026 01-00-00 Internet Banking,330.85,,140040.86
2026/05/05,2026/05/05,Favara Debit,"=""RBOJJOI3IK1274ID8I""","=""FTN0BVCGD6DY5YT1V0""",My Other Bank Account,"=""My Other Bank Account""",05-05-2026 17-00-00 Favara,384.02,,139656.84
2026/05/06,2026/05/06,Favara Credit,"=""RBU221N49EE7HA1IF3""","=""FTML6N1B8KANGI04TF""",My Other Bank Account,"=""My Other Bank Account""",06-05-2026 09-00-00 Favara,,437.19,140094.03
2026/05/07,2026/05/07,Purchase,"=""RB25YA9XJK4S53UAVD""","=""FT4XE9VBQZXI8CTHMD""",07-05-2026,"=""Coral Cafe""",07-05-2026 01-00-00,490.36,,139603.67
2026/05/07,2026/05/07,Purchase,"=""RBRCPR4BKSXU17UO9R""","=""FTST46DNPH5XS6OC8B""",07-05-2026,"=""Avas Ride""",07-05-2026 17-00-00,67.00,,139536.67
2026/05/08,2026/05/08,Purchase,"=""RBG22ZTORL67JYLE6U""","=""FTK6TOJ3D3GOU5X2KW""",08-05-2026,"=""AliExpress""",08-05-2026 09-00-00,120.17,,139416.50
2026/05/09,2026/05/09,Purchase,"=""RB87FQ3GJIPN9C5WG7""","=""FT43OUC0F66VPA0W3V""",09-05-2026,"=""MPGOOGLE YouTube Premium""",09-05-2026 01-00-00,173.34,,139243.16
2026/05/09,2026/05/09,Bill Payment,"=""RB7JN6YPI5ELWL8E3F""","=""FT0SPCD0JX4U6SBJC2""",09-05-2026,"=""STELCO BILLPAY""",09-05-2026 17-00-00,226.51,,139016.65
2026/05/10,2026/05/10,Salary,"=""RB7WA5YAYFADJWGABC""","=""FTV7TBND5VXF9W8I4J""",Synthetic Employer Pvt Ltd,"=""Synthetic Employer Pvt Ltd""",10-05-2026 09-00-00,,13721.00,152737.65
2026/05/11,2026/05/11,ATM Withdrawal,"=""RBXE4K436M5AC2BTZV""","=""FT4KFODIGTGC322KIS""",ATM Cash Withdrawal,"=""ATM Cash Withdrawal""",11-05-2026 01-00-00,332.85,,152404.80
2026/05/11,2026/05/11,Credit Card Payment,"=""RB43M9JRPICNVWL8BM""","=""FTBJBLVKF51Z9YRV45""",BML Credit Card Payment,"=""BML Credit Card Payment""",11-05-2026 17-00-00,386.02,,152018.78
2026/05/12,2026/05/12,Favara Debit,"=""RBH2MEZKTLE3DQ640U""","=""FTU4WWGMJTO0OM8H48""",Mariyam Naaz,"=""Mariyam Naaz""",12-05-2026 09-00-00 Favara,439.19,,151579.59
2026/05/13,2026/05/13,Transfer Debit,"=""RBZVIR70TNF9W7UIOV""","=""FTF6WCSIG2EQ8AAU81""",Fathimath Leeza,"=""Fathimath Leeza""",13-05-2026 01-00-00 Internet Banking,492.36,,151087.23
2026/05/13,2026/05/13,Favara Debit,"=""RBVT1V67LPUB20RYAN""","=""FTJXJR1A3M96XX9YEK""",Ahmed Rasheed,"=""Ahmed Rasheed""",13-05-2026 17-00-00 Favara,69.00,,151018.23
2026/05/14,2026/05/14,Favara Credit,"=""RBZK9ESEW9NKIQA7HB""","=""FT6PX7Q1BJLJRRW0Z1""",Freelance Client 4,"=""Freelance Client 4""",14-05-2026 09-00-00 Favara,,122.17,151140.40
2026/05/15,2026/05/15,Favara Credit,"=""RBO6V62W5RWL72KRVD""","=""FTOEZ22TX3LV4VFQQB""",Fathimath Leeza,"=""Fathimath Leeza""",15-05-2026 01-00-00 Favara,,175.34,151315.74
2026/05/15,2026/05/15,Transfer Credit,"=""RBLO2B0RUA8GGY5R4N""","=""FT1JHOZ0KECJM9ZTT5""",Mariyam Naaz,"=""Mariyam Naaz""",15-05-2026 17-00-00 Internet Banking,,228.51,151544.25
2026/05/16,2026/05/16,Transfer Debit,"=""RBF3OE8IFBX4AF3DCB""","=""FTQ4HJLOQ8RMKDQQ7K""",Digitopia Pvt Ltd,"=""Digitopia Pvt Ltd""",16-05-2026 09-00-00 Internet Banking,281.68,,151262.57
2026/05/17,2026/05/17,Favara Debit,"=""RB4NLSWY6K01HD8MLH""","=""FT4TRYZKX28NCB118E""",My Other Bank Account,"=""My Other Bank Account""",17-05-2026 01-00-00 Favara,334.85,,150927.72
2026/05/17,2026/05/17,Favara Credit,"=""RB6B0RE2ON9AZVYSU1""","=""FTDQCFNH92CPTAWCDH""",My Other Bank Account,"=""My Other Bank Account""",17-05-2026 17-00-00 Favara,,388.02,151315.74
2026/05/18,2026/05/18,Purchase,"=""RBTBA7CZ4TD1UM02Y9""","=""FTIYUTODZSCXH7G6SE""",18-05-2026,"=""Red Banana""",18-05-2026 09-00-00,441.19,,150874.55
2026/05/19,2026/05/19,Purchase,"=""RBGOFMAX1W0PH9T8FH""","=""FT5DGBSCCRWIMRAFZF""",19-05-2026,"=""Avas Ride""",19-05-2026 01-00-00,494.36,,150380.19
2026/05/19,2026/05/19,Purchase,"=""RBW2CI15UYFVXMHSXQ""","=""FT7BB559ATT12C92GS""",19-05-2026,"=""AliExpress""",19-05-2026 17-00-00,71.00,,150309.19
2026/05/20,2026/05/20,Purchase,"=""RBP113X47T96RP27IK""","=""FT1DRVJJ563MZ3KUN5""",20-05-2026,"=""MPGOOGLE Google One""",20-05-2026 09-00-00,124.17,,150185.02
2026/05/21,2026/05/21,Bill Payment,"=""RBBBU3LCVH8LBB6K38""","=""FTHXB8F5206ADNHWFN""",21-05-2026,"=""Dhiraagu BILLPAY""",21-05-2026 01-00-00,177.34,,150007.68
2026/05/21,2026/05/21,Salary,"=""RBD3JRII1WOWPMCXZ6""","=""FT3BQG81IXUZ1XWFFR""",Synthetic Employer Pvt Ltd,"=""Synthetic Employer Pvt Ltd""",21-05-2026 17-00-00,,10370.00,160377.68
2026/02/04,2026/02/04,Favara Debit,"=""RBEWNPPWZJYZKTVFK5""","=""FTJJNI7YVII8M8TK00""",My Other Bank Account,"=""My Other Bank Account""",04-02-2026 01-00-00 Favara,300.85,,60859.68
2026/05/23,2026/05/23,Credit Card Payment,"=""RBHKVEBBBNKFSR2IEK""","=""FTPQ6SJA9H36KQ9BRH""",BML Credit Card Payment,"=""BML Credit Card Payment""",23-05-2026 01-00-00,336.85,,160040.83
2026/05/23,2026/05/23,Favara Debit,"=""RBENCLDLX83DGJ7K3N""","=""FTS0Z6LV57BMCRUP42""",Fathimath Leeza,"=""Fathimath Leeza""",23-05-2026 17-00-00 Favara,390.02,,159650.81
2026/05/24,2026/05/24,Transfer Debit,"=""RBXG8TS3LGQ0J30LT1""","=""FTKTAJ9DU3HS3W9M37""",Ahmed Rasheed,"=""Ahmed Rasheed""",24-05-2026 09-00-00 Internet Banking,443.19,,159207.62
2026/05/25,2026/05/25,Favara Debit,"=""RBE3SBQN9CJZAWSTVL""","=""FTGDR24MAVVJU9YBAD""",Hussain Shafeeq,"=""Hussain Shafeeq""",25-05-2026 01-00-00 Favara,496.36,,158711.26
2026/05/25,2026/05/25,Favara Credit,"=""RBH9QH4D9XVD5ZIZDP""","=""FTEM8836XAJWIAFALW""",Freelance Client 1,"=""Freelance Client 1""",25-05-2026 17-00-00 Favara,,73.00,158784.26
2026/05/26,2026/05/26,Favara Credit,"=""RBZ7XYSEGWTFLW57FG""","=""FT1O4RMUCSQWOBUAOF""",Ahmed Rasheed,"=""Ahmed Rasheed""",26-05-2026 09-00-00 Favara,,126.17,158910.43
2026/05/27,2026/05/27,Transfer Credit,"=""RBBQR4F6S1YD5ZVNOX""","=""FTMUU76HQ79LB3AKMT""",Fathimath Leeza,"=""Fathimath Leeza""",27-05-2026 01-00-00 Internet Banking,,179.34,159089.77
2026/05/27,2026/05/27,Transfer Debit,"=""RB7C93MK93R0DVE7FQ""","=""FT6KGGOQI2ISPKAE79""",Echbees LLP,"=""Echbees LLP""",27-05-2026 17-00-00 Internet Banking,232.51,,158857.26
2026/05/28,2026/05/28,Favara Debit,"=""RB9TUARRUXX92N8X0U""","=""FTQ2T45LFSF0YKWJPY""",My Other Bank Account,"=""My Other Bank Account""",28-05-2026 09-00-00 Favara,285.68,,158571.58
2026/05/29,2026/05/29,Favara Credit,"=""RB6MO1K6P4PNSSA4GD""","=""FT49CJW9WIGFPICZYH""",My Other Bank Account,"=""My Other Bank Account""",29-05-2026 01-00-00 Favara,,338.85,158910.43
2026/05/29,2026/05/29,Purchase,"=""RBWBM8475KFU4OHVHE""","=""FTW38N2FDQS0B0C1QM""",29-05-2026,"=""Villa Mart""",29-05-2026 17-00-00,392.02,,158518.41
2026/05/30,2026/05/30,Purchase,"=""RB5YJUX1ZI4BK018C9""","=""FTJOM4VHV7BTHIEXKQ""",30-05-2026,"=""Avas Ride""",30-05-2026 09-00-00,445.19,,158073.22
2026/05/31,2026/05/31,Purchase,"=""RBIHIL2M8I9U1PEEM8""","=""FTGKFCF79J6Z5LE10N""",31-05-2026,"=""AliExpress""",31-05-2026 01-00-00,498.36,,157574.86
2026/05/31,2026/05/31,Purchase,"=""RB4VM0AEVJGW9UMGZF""","=""FT0L4B72C3RPMT2BJC""",31-05-2026,"=""MPGOOGLE YouTube Premium""",31-05-2026 17-00-00,75.00,,157499.86
2026/06/01,2026/06/01,Bill Payment,"=""RB31B9UFEQ5Z1YPOR3""","=""FTLIULV7DB5I7SMCXH""",01-06-2026,"=""STELCO BILLPAY""",01-06-2026 09-00-00,128.17,,157371.69
2026/06/02,2026/06/02,Salary,"=""RBYHK9NPEOK5T7TBVC""","=""FTMLMD6FT2VGOJQYGI""",Synthetic Employer Pvt Ltd,"=""Synthetic Employer Pvt Ltd""",02-06-2026 01-00-00,,12019.00,169390.69
2026/06/02,2026/06/02,ATM Withdrawal,"=""RB252ZLR4WWTDPMUZV""","=""FTMS02ARGPQQ1Y5LLS""",ATM Cash Withdrawal,"=""ATM Cash Withdrawal""",02-06-2026 17-00-00,234.51,,169156.18
2026/06/03,2026/06/03,Credit Card Payment,"=""RBEKOW0L6Q2NIDG19D""","=""FTP7E8AL0464FYUMJU""",BML Credit Card Payment,"=""BML Credit Card Payment""",03-06-2026 09-00-00,287.68,,168868.50
2026/06/04,2026/06/04,Favara Debit,"=""RBXNQ3IQT635FJ19PW""","=""FT09AXE2IDW8S7BI5X""",Ahmed Rasheed,"=""Ahmed Rasheed""",04-06-2026 01-00-00 Favara,340.85,,168527.65
2026/06/04,2026/06/04,Transfer Debit,"=""RBCR892632II7DAF8F""","=""FT3A7DEICC64U9UQ71""",Hussain Shafeeq,"=""Hussain Shafeeq""",04-06-2026 17-00-00 Internet Banking,394.02,,168133.63
2026/06/05,2026/06/05,Favara Debit,"=""RBLWX2HUMV9N0ORJ83""","=""FTUHLB2IM65LGLE1LY""",Ali Shaheed,"=""Ali Shaheed""",05-06-2026 09-00-00 Favara,447.19,,167686.44
2026/06/06,2026/06/06,Favara Credit,"=""RBCWE7D8S0VNTVPT9R""","=""FTNGSQX4G7B5N4N7HE""",Freelance Client 2,"=""Freelance Client 2""",06-06-2026 01-00-00 Favara,,500.36,168186.80
2026/06/06,2026/06/06,Favara Credit,"=""RBJQ80TU9GAPB9KXF2""","=""FTG00ROLY5O3HP91J4""",Hussain Shafeeq,"=""Hussain Shafeeq""",06-06-2026 17-00-00 Favara,,77.00,168263.80
2026/06/07,2026/06/07,Transfer Credit,"=""RB9TEWQIYTG3ZVHMB2""","=""FTQHZNA20NPLW2DVPO""",Ahmed Rasheed,"=""Ahmed Rasheed""",07-06-2026 09-00-00 Internet Banking,,130.17,168393.97
2026/06/08,2026/06/08,Transfer Debit,"=""RB2FLE8S5GVNKZ7MPO""","=""FTIRAVSNPNAIE9MW9Q""",Coral Works LLP,"=""Coral Works LLP""",08-06-2026 01-00-00 Internet Banking,183.34,,168210.63
2026/06/08,2026/06/08,Favara Debit,"=""RB9HP5INXAWGSD5T4F""","=""FT7LSFIVWK06KILLRF""",My Other Bank Account,"=""My Other Bank Account""",08-06-2026 17-00-00 Favara,236.51,,167974.12
2026/06/09,2026/06/09,Favara Credit,"=""RBSUAN9XWKSAY5XPFO""","=""FT3UG2TJ0I96HICLJR""",My Other Bank Account,"=""My Other Bank Account""",09-06-2026 09-00-00 Favara,,289.68,168263.80
2026/06/10,2026/06/10,Purchase,"=""RB1LPB7D3RP1LTVEVO""","=""FTO5RBU5ZY8Q1UEAO3""",10-06-2026,"=""Coral Cafe""",10-06-2026 01-00-00,342.85,,167920.95
2026/06/10,2026/06/10,Purchase,"=""RBCYHWBSWRON95UWBN""","=""FTXI6PQQ2LGTPCR1CK""",10-06-2026,"=""Avas Ride""",10-06-2026 17-00-00,396.02,,167524.93
2026/06/11,2026/06/11,Purchase,"=""RBKPWGY2DQWM6BDIA0""","=""FTR75LLNR9Q6Q4A05T""",11-06-2026,"=""AliExpress""",11-06-2026 09-00-00,449.19,,167075.74
2026/06/12,2026/06/12,Purchase,"=""RBP84IWZEERSOXZG05""","=""FTV4L0EG8AT6BC7QL7""",12-06-2026,"=""MPGOOGLE Google One""",12-06-2026 01-00-00,27.36,,167048.38
2026/06/12,2026/06/12,Bill Payment,"=""RBYJ6VB77JSKRRXTTU""","=""FTHKB11121U1RYUX44""",12-06-2026,"=""Dhiraagu BILLPAY""",12-06-2026 17-00-00,79.00,,166969.38
2026/06/13,2026/06/13,Salary,"=""RBSCPHN5HJU9KM094T""","=""FT7N5BM7QLKCC7GZJH""",Synthetic Employer Pvt Ltd,"=""Synthetic Employer Pvt Ltd""",13-06-2026 09-00-00,,13668.00,180637.38
2026/06/14,2026/06/14,ATM Withdrawal,"=""RBQZJ5M0K5RF047MSF""","=""FT09QM13NIX6X2LHUY""",ATM Cash Withdrawal,"=""ATM Cash Withdrawal""",14-06-2026 01-00-00,185.34,,180452.04
2026/06/14,2026/06/14,Credit Card Payment,"=""RBM1W9WTNRSY9MXONL""","=""FTSQT0IPOZRDZU1IRR""",BML Credit Card Payment,"=""BML Credit Card Payment""",14-06-2026 17-00-00,238.51,,180213.53
2026/06/15,2026/06/15,Favara Debit,"=""RBPFY1X16706ECP66O""","=""FTPMA4DV2GAU95E5UU""",Hussain Shafeeq,"=""Hussain Shafeeq""",15-06-2026 09-00-00 Favara,291.68,,179921.85
2026/06/16,2026/06/16,Transfer Debit,"=""RB6LUCSLP84U2CEA7O""","=""FTSGQ91L4CEKO2D0H1""",Ali Shaheed,"=""Ali Shaheed""",16-06-2026 01-00-00 Internet Banking,344.85,,179577.00
2026/06/16,2026/06/16,Favara Debit,"=""RB3OJ26IR22WULHYHQ""","=""FT5MAAEJFRW5TTX5FJ""",Mariyam Naaz,"=""Mariyam Naaz""",16-06-2026 17-00-00 Favara,398.02,,179178.98
2026/06/17,2026/06/17,Favara Credit,"=""RB26188S0I1SALAYNY""","=""FT58PNFR8WWP2T37WU""",Freelance Client 3,"=""Freelance Client 3""",17-06-2026 09-00-00 Favara,,451.19,179630.17
2026/06/18,2026/06/18,Favara Credit,"=""RBOVXB45AG9S2FJH2U""","=""FTN35RP1ZQQMDJ3IJP""",Ali Shaheed,"=""Ali Shaheed""",18-06-2026 01-00-00 Favara,,29.36,179659.53
2026/06/18,2026/06/18,Transfer Credit,"=""RBTLMADQRD40QHM6RH""","=""FT6979CLWIUNE1GWVO""",Hussain Shafeeq,"=""Hussain Shafeeq""",18-06-2026 17-00-00 Internet Banking,,81.00,179740.53
2026/06/19,2026/06/19,Transfer Debit,"=""RB3SDTGQL6F6BJNSMP""","=""FT6FAIOTXKDUX401YU""",Digitopia Pvt Ltd,"=""Digitopia Pvt Ltd""",19-06-2026 09-00-00 Internet Banking,134.17,,179606.36
2026/06/20,2026/06/20,Favara Debit,"=""RBCZZN43P49EYI4XBW""","=""FT4SAFZHDCHBRA5983""",My Other Bank Account,"=""My Other Bank Account""",20-06-2026 01-00-00 Favara,187.34,,179419.02
2026/06/20,2026/06/20,Favara Credit,"=""RBJQSQ0Y8G0G0VT6BY""","=""FTXLKX5H5RI4O92EJJ""",My Other Bank Account,"=""My Other Bank Account""",20-06-2026 17-00-00 Favara,,240.51,179659.53
2026/06/21,2026/06/21,Purchase,"=""RBJF32JLSZHWQBJYQM""","=""FT6CKHJ8I4SKGJBLW1""",21-06-2026,"=""Red Banana""",21-06-2026 09-00-00,293.68,,179365.85
2026/06/22,2026/06/22,Purchase,"=""RBFJ5OV5XUP27EATV8""","=""FTB57XGTTRVP5TASDS""",22-06-2026,"=""Avas Ride""",22-06-2026 01-00-00,346.85,,179019.00
2026/06/22,2026/06/22,Purchase,"=""RBKBW4LPLZXZ4MRZNM""","=""FTRQHW25RPB8ZGEGZH""",22-06-2026,"=""AliExpress""",22-06-2026 17-00-00,400.02,,178618.98
2026/06/23,2026/06/23,Purchase,"=""RBNMHTM0ODJJD0WMF6""","=""FTRY89T10XG4Q2JYTC""",23-06-2026,"=""MPGOOGLE YouTube Premium""",23-06-2026 09-00-00,453.19,,178165.79
2026/06/24,2026/06/24,Bill Payment,"=""RBLM7863DHMQVQDVES""","=""FT9ZD5EKAIJG5R0NLX""",24-06-2026,"=""STELCO BILLPAY""",24-06-2026 01-00-00,31.36,,178134.43
2026/06/24,2026/06/24,Salary,"=""RBYJNIKOLF6QJB8BW7""","=""FTAICU6XNGQXEXF15E""",Synthetic Employer Pvt Ltd,"=""Synthetic Employer Pvt Ltd""",24-06-2026 17-00-00,,10317.00,188451.43
2026/06/25,2026/06/25,ATM Withdrawal,"=""RBXDTNIJQIRLD8WSF4""","=""FT8LWERMV7QP8G2JOK""",ATM Cash Withdrawal,"=""ATM Cash Withdrawal""",25-06-2026 09-00-00,136.17,,188315.26
2026/06/26,2026/06/26,Credit Card Payment,"=""RBXXPFY601396U3E2Y""","=""FT06M4NSRLOQQP5SF6""",BML Credit Card Payment,"=""BML Credit Card Payment""",26-06-2026 01-00-00,189.34,,188125.92
2026/06/26,2026/06/26,Favara Debit,"=""RBZI22ZSBR2S7SFKDT""","=""FTOHM53QE8TI8NQRWS""",Ali Shaheed,"=""Ali Shaheed""",26-06-2026 17-00-00 Favara,242.51,,187883.41
2026/06/27,2026/06/27,Transfer Debit,"=""RBPICRRQN4FB1SRQDN""","=""FTFYYLQT1T4EA8CXPE""",Mariyam Naaz,"=""Mariyam Naaz""",27-06-2026 09-00-00 Internet Banking,295.68,,187587.73
2026/06/28,2026/06/28,Favara Debit,"=""RBCP1VKJD5QKG8CL8P""","=""FTCURO6BGPX2P5N29I""",Fathimath Leeza,"=""Fathimath Leeza""",28-06-2026 01-00-00 Favara,348.85,,187238.88
2026/06/28,2026/06/28,Favara Credit,"=""RBYPJKCA37Z2X4VEAZ""","=""FT34R1HBJKTBH93XC1""",Freelance Client 4,"=""Freelance Client 4""",28-06-2026 17-00-00 Favara,,402.02,187640.90
2026/06/29,2026/06/29,Favara Credit,"=""RBXLBZVA5QZ3IA336S""","=""FTPXLVN4FJD4I05EJZ""",Mariyam Naaz,"=""Mariyam Naaz""",29-06-2026 09-00-00 Favara,,455.19,188096.09
2026/06/30,2026/06/30,Transfer Credit,"=""RBSR5X9BPI3AK7XTAQ""","=""FTRC5ZDLTI84UC5TJW""",Ali Shaheed,"=""Ali Shaheed""",30-06-2026 01-00-00 Internet Banking,,33.36,188129.45
2026/06/30,2026/06/30,Transfer Debit,"=""RB0RBO4W0R2N9LACQG""","=""FTBCAB02MC9WNY0VTE""",Echbees LLP,"=""Echbees LLP""",30-06-2026 17-00-00 Internet Banking,85.00,,188044.45
2026/07/01,2026/07/01,Favara Debit,"=""RB09SG71EVGEV4HCSU""","=""FTW9AYCN74RMW9K0HC""",My Other Bank Account,"=""My Other Bank Account""",01-07-2026 09-00-00 Favara,138.17,,187906.28
2026/07/02,2026/07/02,Favara Credit,"=""RBM04Z390RXITC3MAG""","=""FTCC3YDSCOXE1P4GT8""",My Other Bank Account,"=""My Other Bank Account""",02-07-2026 01-00-00 Favara,,191.34,188097.62
2026/07/02,2026/07/02,Purchase,"=""RB90NEKDAHW5AN16IV""","=""FTRO0FS0DT25H0F24P""",02-07-2026,"=""Villa Mart""",02-07-2026 17-00-00,244.51,,187853.11
2026/07/03,2026/07/03,Purchase,"=""RBYYDPPIUGO2H8SSXI""","=""FTROKM16DKMT90F0PD""",03-07-2026,"=""Avas Ride""",03-07-2026 09-00-00,297.68,,187555.43
2026/07/04,2026/07/04,Purchase,"=""RB9FKVU2OUPQ9H1B1J""","=""FTPOR26KH3LPU50YHM""",04-07-2026,"=""AliExpress""",04-07-2026 01-00-00,350.85,,187204.58
2026/07/04,2026/07/04,Purchase,"=""RB40A207TGBX5MP002""","=""FTPNLAW8GNA4FWJ7M7""",04-07-2026,"=""MPGOOGLE Google One""",04-07-2026 17-00-00,404.02,,186800.56
2026/07/05,2026/07/05,Bill Payment,"=""RBER2FGZK2C4FM1LND""","=""FTMPGS3NTOR1XZ3IT0""",05-07-2026,"=""Dhiraagu BILLPAY""",05-07-2026 09-00-00,457.19,,186343.37
2026/07/06,2026/07/06,Salary,"=""RBP0GCBAGWFSFYODRS""","=""FTJ07IKA0VJ8XP044E""",Synthetic Employer Pvt Ltd,"=""Synthetic Employer Pvt Ltd""",06-07-2026 01-00-00,,11966.00,198309.37
2026/07/06,2026/07/06,ATM Withdrawal,"=""RB6Z7NRQM98PKPSON3""","=""FTWGBWLVNFEQDL68X4""",ATM Cash Withdrawal,"=""ATM Cash Withdrawal""",06-07-2026 17-00-00,87.00,,198222.37
2026/07/07,2026/07/07,Credit Card Payment,"=""RBZRGY1OXVSH7LC37M""","=""FTTBSBXXQ6HG6Z5DC2""",BML Credit Card Payment,"=""BML Credit Card Payment""",07-07-2026 09-00-00,140.17,,198082.20
2026/07/08,2026/07/08,Favara Debit,"=""RB6I1K78LMESU5UVTY""","=""FTF6AE7H7U9YHD2PE4""",Mariyam Naaz,"=""Mariyam Naaz""",08-07-2026 01-00-00 Favara,193.34,,197888.86
2026/07/08,2026/07/08,Transfer Debit,"=""RBA58Q5AZLJNLATIFJ""","=""FTAATKFBZG9RWRJCF9""",Fathimath Leeza,"=""Fathimath Leeza""",08-07-2026 17-00-00 Internet Banking,246.51,,197642.35
2026/07/09,2026/07/09,Favara Debit,"=""RBO1XR122H68V34JR0""","=""FTVGFZKHFWOGBGHDQA""",Ahmed Rasheed,"=""Ahmed Rasheed""",09-07-2026 09-00-00 Favara,299.68,,197342.67
2026/07/10,2026/07/10,Favara Credit,"=""RBFEKWGXA9F6ZGXC18""","=""FT60GQPQNB9YZDHHTG""",Freelance Client 1,"=""Freelance Client 1""",10-07-2026 01-00-00 Favara,,352.85,197695.52
2026/07/10,2026/07/10,Favara Credit,"=""RBK30K53FWTLURD57T""","=""FTM72QGAMN6CL1ZJUM""",Fathimath Leeza,"=""Fathimath Leeza""",10-07-2026 17-00-00 Favara,,406.02,198101.54
2026/07/11,2026/07/11,Transfer Credit,"=""RBEXZZB7XYMZH9PWO8""","=""FTZH92H9EACNKNC3OX""",Mariyam Naaz,"=""Mariyam Naaz""",11-07-2026 09-00-00 Internet Banking,,459.19,198560.73
2026/07/12,2026/07/12,Transfer Debit,"=""RBPV8PU9N43BF0RACC""","=""FT7TSKVJ8JMG106IZV""",Coral Works LLP,"=""Coral Works LLP""",12-07-2026 01-00-00 Internet Banking,37.36,,198523.37
2026/07/12,2026/07/12,Favara Debit,"=""RBQJCJU5H17MXOW9NN""","=""FTS8K0JXIWGSXC3TGG""",My Other Bank Account,"=""My Other Bank Account""",12-07-2026 17-00-00 Favara,89.00,,198434.37
2026/07/13,2026/07/13,Favara Credit,"=""RBIWBT0YGZQ3FIE320""","=""FTK4IML68VVJJKEUVG""",My Other Bank Account,"=""My Other Bank Account""",13-07-2026 09-00-00 Favara,,142.17,198576.54
2026/07/14,2026/07/14,Purchase,"=""RB9WSHG1QXAF36XCE7""","=""FTA7JKRDF4ZPYFG3E6""",14-07-2026,"=""Coral Cafe""",14-07-2026 01-00-00,195.34,,198381.20
2026/07/14,2026/07/14,Purchase,"=""RBR94R7M3PQXPXJ2G7""","=""FTU3MNAY2S0YYV8WDT""",14-07-2026,"=""Avas Ride""",14-07-2026 17-00-00,248.51,,198132.69
2026/07/15,2026/07/15,Purchase,"=""RBNUPTI87029C1E05Z""","=""FTYDVURNQHVMCZMIWA""",15-07-2026,"=""AliExpress""",15-07-2026 09-00-00,301.68,,197831.01
2026/07/16,2026/07/16,Purchase,"=""RB8UA1F0QZRLKELFNU""","=""FTJE96N0KAR2DZ5S34""",16-07-2026,"=""MPGOOGLE YouTube Premium""",16-07-2026 01-00-00,354.85,,197476.16
2026/07/16,2026/07/16,Bill Payment,"=""RB046HCJBJP2CH9H6J""","=""FT74641BC9SDXZ3OEZ""",16-07-2026,"=""STELCO BILLPAY""",16-07-2026 17-00-00,408.02,,197068.14
2026/07/17,2026/07/17,Salary,"=""RBLAL6FNWQ4SH0YIV3""","=""FT2T6DY4GJNRWT31BH""",Synthetic Employer Pvt Ltd,"=""Synthetic Employer Pvt Ltd""",17-07-2026 09-00-00,,13615.00,210683.14
2026/07/18,2026/07/18,ATM Withdrawal,"=""RB9IRPB7TYQWRIZW9C""","=""FTG5GUPIIX0AVZXUAH""",ATM Cash Withdrawal,"=""ATM Cash Withdrawal""",18-07-2026 01-00-00,39.36,,210643.78
2026/07/18,2026/07/18,Credit Card Payment,"=""RBS8E4ON5LH4OZQSNR""","=""FTMLTTWGOM472UETHC""",BML Credit Card Payment,"=""BML Credit Card Payment""",18-07-2026 17-00-00,91.00,,210552.78
2026/07/19,2026/07/19,Favara Debit,"=""RBL6IU20DZCSOLPJVZ""","=""FTN36DQOYLPIN1H7UF""",Fathimath Leeza,"=""Fathimath Leeza""",19-07-2026 09-00-00 Favara,144.17,,210408.61
2026/07/20,2026/07/20,Transfer Debit,"=""RB44ZNUPPL8BU4DG8K""","=""FT3KDOHD1SRG7KG8W6""",Ahmed Rasheed,"=""Ahmed Rasheed""",20-07-2026 01-00-00 Internet Banking,197.34,,210211.27
2026/07/20,2026/07/20,Favara Debit,"=""RBEDA0NHPKLX5WXVNF""","=""FTUJYUOYXZHW5DW86C""",Hussain Shafeeq,"=""Hussain Shafeeq""",20-07-2026 17-00-00 Favara,250.51,,209960.76
2026/07/21,2026/07/21,Favara Credit,"=""RBJU132I8SP9QZ7I8Y""","=""FTXZ0ME960J0CCM61S""",Freelance Client 2,"=""Freelance Client 2""",21-07-2026 09-00-00 Favara,,303.68,210264.44
2026/07/22,2026/07/22,Favara Credit,"=""RBNR69VOV6MT31LKYB""","=""FTRL0WRIY8GEL8FUER""",Ahmed Rasheed,"=""Ahmed Rasheed""",22-07-2026 01-00-00 Favara,,356.85,210621.29
2026/07/22,2026/07/22,Transfer Credit,"=""RB221G472C07PXBMQK""","=""FTJN9NXH5DN05DWZEO""",Fathimath Leeza,"=""Fathimath Leeza""",22-07-2026 17-00-00 Internet Banking,,410.02,211031.31
2026/07/23,2026/07/23,Transfer Debit,"=""RB10FRVYRFX22IHJQS""","=""FTCDQHPFKW50Q9W2VG""",Digitopia Pvt Ltd,"=""Digitopia Pvt Ltd""",23-07-2026 09-00-00 Internet Banking,463.19,,210568.12
2026/07/24,2026/07/24,Favara Debit,"=""RBVZNJBIDVALTCUGTD""","=""FT4SGL4XNXX4SERAEA""",My Other Bank Account,"=""My Other Bank Account""",24-07-2026 01-00-00 Favara,41.36,,210526.76
2026/07/24,2026/07/24,Favara Credit,"=""RB8Q9YRNN29IW6AIMD""","=""FTF0SDKEK1Z9IYNPVN""",My Other Bank Account,"=""My Other Bank Account""",24-07-2026 17-00-00 Favara,,93.00,210619.76
2026/07/25,2026/07/25,Purchase,"=""RBLS2FWWCPYBWHTEWP""","=""FT6MCUP3DL9WNP3C6D""",25-07-2026,"=""Red Banana""",25-07-2026 09-00-00,146.17,,210473.59
2026/07/26,2026/07/26,Purchase,"=""RB7WC25WCESGNKN9ME""","=""FT9B7CAWDNRFNCX5CZ""",26-07-2026,"=""Avas Ride""",26-07-2026 01-00-00,199.34,,210274.25
2026/07/26,2026/07/26,Purchase,"=""RBQ4PRAAEUX0RZVJ0Q""","=""FT2UXV7SN46IGRYRKQ""",26-07-2026,"=""AliExpress""",26-07-2026 17-00-00,252.51,,210021.74
2026/07/27,2026/07/27,Purchase,"=""RBWUUUZ5OJZBE26HI3""","=""FT79GZAL3T7QDL50VI""",27-07-2026,"=""MPGOOGLE Google One""",27-07-2026 09-00-00,305.68,,209716.06
2026/07/28,2026/07/28,Bill Payment,"=""RBRWXDMO9I6ADCU0UY""","=""FT4O01THZIHOODFPFJ""",28-07-2026,"=""Dhiraagu BILLPAY""",28-07-2026 01-00-00,358.85,,209357.21
2026/07/28,2026/07/28,Salary,"=""RB099JAUKIT6OMPNTR""","=""FTZPUJS2YMYSTD6WZY""",Synthetic Employer Pvt Ltd,"=""Synthetic Employer Pvt Ltd""",28-07-2026 17-00-00,,10264.00,219621.21
2026/07/29,2026/07/29,ATM Withdrawal,"=""RBW1XGNBSA6WZD795O""","=""FTB5TIK2LT1V4UN6SJ""",ATM Cash Withdrawal,"=""ATM Cash Withdrawal""",29-07-2026 09-00-00,465.19,,219156.02
2026/07/30,2026/07/30,Credit Card Payment,"=""RBJJPNJWVG6GDD32OO""","=""FT5M4Y9HMTOARJXWBR""",BML Credit Card Payment,"=""BML Credit Card Payment""",30-07-2026 01-00-00,43.36,,219112.66
2026/07/30,2026/07/30,Favara Debit,"=""RBCN00QI7FQS1APD4B""","=""FTTAX41GINM2HLNYJN""",Ahmed Rasheed,"=""Ahmed Rasheed""",30-07-2026 17-00-00 Favara,95.00,,219017.66
2026/07/31,2026/07/31,Transfer Debit,"=""RBIMFGAOWUK4X5TX3X""","=""FTPXXKF27H7RUDFRSG""",Hussain Shafeeq,"=""Hussain Shafeeq""",31-07-2026 09-00-00 Internet Banking,148.17,,218869.49
2026/08/01,2026/08/01,Favara Debit,"=""RBSML2XSJRGHR4IL0H""","=""FTXU1WN8ZE4VB6B0D8""",Ali Shaheed,"=""Ali Shaheed""",01-08-2026 01-00-00 Favara,201.34,,218668.15
2026/08/01,2026/08/01,Favara Credit,"=""RBPBJ6XNH4GX24UBDI""","=""FTSC2US7BOYIJADRHD""",Freelance Client 3,"=""Freelance Client 3""",01-08-2026 17-00-00 Favara,,254.51,218922.66
2026/08/02,2026/08/02,Favara Credit,"=""RBIB7Q0BR9ED96EYO0""","=""FTDR6N5TATS2P4FHDV""",Hussain Shafeeq,"=""Hussain Shafeeq""",02-08-2026 09-00-00 Favara,,307.68,219230.34
2026/08/03,2026/08/03,Transfer Credit,"=""RB520Y6A063E95G4I7""","=""FT0T9JLEZ3Q68SODZG""",Ahmed Rasheed,"=""Ahmed Rasheed""",03-08-2026 01-00-00 Internet Banking,,360.85,219591.19
2026/08/03,2026/08/03,Transfer Debit,"=""RBODK62EIQIK93YS3R""","=""FT0C4BHYOIW06SMMH0""",Echbees LLP,"=""Echbees LLP""",03-08-2026 17-00-00 Internet Banking,414.02,,219177.17
2026/08/04,2026/08/04,Favara Debit,"=""RB1YLBK7F8223VKRZN""","=""FT0D4PN5EWW687WPJJ""",My Other Bank Account,"=""My Other Bank Account""",04-08-2026 09-00-00 Favara,467.19,,218709.98
2026/08/05,2026/08/05,Favara Credit,"=""RBCRSRSPXY0CLO7I0M""","=""FTOTQD90YLWA0IP7V6""",My Other Bank Account,"=""My Other Bank Account""",05-08-2026 01-00-00 Favara,,45.36,218755.34
2026/08/05,2026/08/05,Purchase,"=""RBJ38LI5KBAGRD2JB5""","=""FTJDUSGB6TX065R8T2""",05-08-2026,"=""Villa Mart""",05-08-2026 17-00-00,97.00,,218658.34
2026/08/06,2026/08/06,Purchase,"=""RBHCPRZLAR6N4J9N4F""","=""FTKKYI0IMQB1XVI90V""",06-08-2026,"=""Avas Ride""",06-08-2026 09-00-00,150.17,,218508.17
2026/08/07,2026/08/07,Purchase,"=""RBDU8SA9FRU26QLG9U""","=""FT46DCD63O06KSJORZ""",07-08-2026,"=""AliExpress""",07-08-2026 01-00-00,203.34,,218304.83
2026/08/07,2026/08/07,Purchase,"=""RBHDKSNJ62ISPW08ZU""","=""FT9H9XAMMQC836OYKM""",07-08-2026,"=""MPGOOGLE YouTube Premium""",07-08-2026 17-00-00,256.51,,218048.32
2026/08/08,2026/08/08,Bill Payment,"=""RB6N9S4NWHUU7ND4I0""","=""FTOIM2Y0IBAGOOM0ZF""",08-08-2026,"=""STELCO BILLPAY""",08-08-2026 09-00-00,309.68,,217738.64
2026/08/09,2026/08/09,Salary,"=""RB9SVRK1AMIJOZVOQT""","=""FTYT6RAAZTEJT297F6""",Synthetic Employer Pvt Ltd,"=""Synthetic Employer Pvt Ltd""",09-08-2026 01-00-00,,11913.00,229651.64
2026/08/09,2026/08/09,ATM Withdrawal,"=""RBBNGZH5TW23RB1X3S""","=""FTBMYS0WRARG0SI95E""",ATM Cash Withdrawal,"=""ATM Cash Withdrawal""",09-08-2026 17-00-00,416.02,,229235.62
2026/08/10,2026/08/10,Credit Card Payment,"=""RBNYXB5SGI6YV0ECV8""","=""FT054YEJ09TRVTU62K""",BML Credit Card Payment,"=""BML Credit Card Payment""",10-08-2026 09-00-00,469.19,,228766.43
2026/08/11,2026/08/11,Favara Debit,"=""RBGR1YF3NZIBSPC079""","=""FTS9GZDVKYGK7VVTZ7""",Hussain Shafeeq,"=""Hussain Shafeeq""",11-08-2026 01-00-00 Favara,47.36,,228719.07
2026/08/11,2026/08/11,Purchase Reversal,"=""RBUAU6PHM5V3UAWIHD""","=""FT4K1TYTFCGROB9KAX""",Mariyam Naaz,"=""Mariyam Naaz""",REVERSAL 11-08-2026 17-00-00,,65.00,228784.07
2026/08/12,2026/08/12,Favara Debit,"=""RBGH40INV27N76RWZ7""","=""FTD9JS94EMS83TWHAD""",Mariyam Naaz,"=""Mariyam Naaz""",12-08-2026 09-00-00 Favara,152.17,,228631.90
2026/08/13,2026/08/13,Favara Credit,"=""RB9606S8Y705Z00XKZ""","=""FTVK3QHXMLMYQMA79I""",Freelance Client 4,"=""Freelance Client 4""",13-08-2026 01-00-00 Favara,,205.34,228837.24
2026/08/13,2026/08/13,Favara Credit,"=""RBGECB8MPKH7M84G2X""","=""FTC54HY4F0GBAA6PYH""",Ali Shaheed,"=""Ali Shaheed""",13-08-2026 17-00-00 Favara,,258.51,229095.75
2026/08/14,2026/08/14,Transfer Credit,"=""RB0QNY7SRV20C47Z4B""","=""FTXM2XOQHZTM66FCOB""",Hussain Shafeeq,"=""Hussain Shafeeq""",14-08-2026 09-00-00 Internet Banking,,311.68,229407.43
2026/08/15,2026/08/15,Transfer Debit,"=""RBRFGXXXUGJT8WKTAX""","=""FTNK8P93F12HGXZVCX""",Coral Works LLP,"=""Coral Works LLP""",15-08-2026 01-00-00 Internet Banking,364.85,,229042.58
2026/08/15,2026/08/15,Favara Debit,"=""RBMHVN6JDI80ROZDX3""","=""FT5PJISUQI7YZQV3ZR""",My Other Bank Account,"=""My Other Bank Account""",15-08-2026 17-00-00 Favara,418.02,,228624.56
2026/08/16,2026/08/16,Favara Credit,"=""RBOC6CMS27XXHVVV6J""","=""FT34PVTZB3P4EH01LP""",My Other Bank Account,"=""My Other Bank Account""",16-08-2026 09-00-00 Favara,,471.19,229095.75
2026/08/17,2026/08/17,Purchase,"=""RBWBPSDDI3RUV40ACD""","=""FTEGZA0ZY15AF3BN7M""",17-08-2026,"=""Coral Cafe""",17-08-2026 01-00-00,49.36,,229046.39
2026/08/17,2026/08/17,Purchase,"=""RB8PB69PG2GR7FV9JG""","=""FTVG8ZKXUA6WRLXTPH""",17-08-2026,"=""Avas Ride""",17-08-2026 17-00-00,101.00,,228945.39
2026/08/18,2026/08/18,Purchase,"=""RB5V852WKSSK5LH60F""","=""FT5AMKJ78CXANVZOV2""",18-08-2026,"=""AliExpress""",18-08-2026 09-00-00,154.17,,228791.22
2026/08/19,2026/08/19,Purchase,"=""RB5HM93LFWC4KQL6W2""","=""FTA57T8NH23Q8YMDN6""",19-08-2026,"=""MPGOOGLE Google One""",19-08-2026 01-00-00,207.34,,228583.88
2026/08/19,2026/08/19,Bill Payment,"=""RBVRXBSODA404I12A4""","=""FTJJXAFWF2BD43VU8K""",19-08-2026,"=""Dhiraagu BILLPAY""",19-08-2026 17-00-00,260.51,,228323.37
2026/08/20,2026/08/20,Salary,"=""RBLC473QXZS8STZGSS""","=""FTZFRZG3HIU27008C7""",Synthetic Employer Pvt Ltd,"=""Synthetic Employer Pvt Ltd""",20-08-2026 09-00-00,,13562.00,241885.37
2026/08/21,2026/08/21,ATM Withdrawal,"=""RBJF5GYZQSAS593KRZ""","=""FT819Q0E4A0LBIAZC0""",ATM Cash Withdrawal,"=""ATM Cash Withdrawal""",21-08-2026 01-00-00,366.85,,241518.52
2026/08/21,2026/08/21,Credit Card Payment,"=""RBBAIBUY3FQGN8KMGD""","=""FTAAGSRGG04WSLEUH4""",BML Credit Card Payment,"=""BML Credit Card Payment""",21-08-2026 17-00-00,420.02,,241098.50
2026/08/22,2026/08/22,Favara Debit,"=""RBR0C11KK5VVK7VTXY""","=""FTF8BTTZP859ALXCXL""",Ali Shaheed,"=""Ali Shaheed""",22-08-2026 09-00-00 Favara,473.19,,240625.31
2026/08/23,2026/08/23,Transfer Debit,"=""RBBQD5F0CMSHB3NTZB""","=""FT7QU2MSCRT5ASKV2G""",Mariyam Naaz,"=""Mariyam Naaz""",23-08-2026 01-00-00 Internet Banking,51.36,,240573.95
2026/08/23,2026/08/23,Favara Debit,"=""RBMP2UWLOEO287JHCP""","=""FT6QSHVLT80U5KAEV4""",Fathimath Leeza,"=""Fathimath Leeza""",23-08-2026 17-00-00 Favara,103.00,,240470.95
2026/08/24,2026/08/24,Favara Credit,"=""RBB3FH3LZO7GCCE2K0""","=""FTWKQILSRBK0B4M9MH""",Freelance Client 1,"=""Freelance Client 1""",24-08-2026 09-00-00 Favara,,156.17,240627.12
2026/08/25,2026/08/25,Favara Credit,"=""RBFF4KZIFXEX9RXI6K""","=""FTSKQI0Q909HXK23DO""",Mariyam Naaz,"=""Mariyam Naaz""",25-08-2026 01-00-00 Favara,,209.34,240836.46
2026/08/25,2026/08/25,Transfer Credit,"=""RB714D1JBP3PX80CYI""","=""FT2GFT1AEVD6K6WTFB""",Ali Shaheed,"=""Ali Shaheed""",25-08-2026 17-00-00 Internet Banking,,262.51,241098.97
2026/08/26,2026/08/26,Transfer Debit,"=""RBO23APURVBM7TNPYI""","=""FT694MA3Y4HO0R428K""",Digitopia Pvt Ltd,"=""Digitopia Pvt Ltd""",26-08-2026 09-00-00 Internet Banking,315.68,,240783.29
2026/08/27,2026/08/27,Favara Debit,"=""RBRE3814HUFV59N9UH""","=""FTQMKN2DIU4XTFITRX""",My Other Bank Account,"=""My Other Bank Account""",27-08-2026 01-00-00 Favara,368.85,,240414.44
2026/08/27,2026/08/27,Favara Credit,"=""RBBHUSZ7QOOZZEJ8KU""","=""FT24JHW77ZTMBJFM4W""",My Other Bank Account,"=""My Other Bank Account""",27-08-2026 17-00-00 Favara,,422.02,240836.46
2026/08/28,2026/08/28,Purchase,"=""RBN8RQVKNCD97MKPH2""","=""FT22J764WTKLVKMBZ6""",28-08-2026,"=""Red Banana""",28-08-2026 09-00-00,475.19,,240361.27
2026/08/29,2026/08/29,Purchase,"=""RBMZIVKH8290G3RZ15""","=""FT4TMRVLHKV07MX8S7""",29-08-2026,"=""Avas Ride""",29-08-2026 01-00-00,53.36,,240307.91
2026/08/29,2026/08/29,Purchase,"=""RBZ942FIAVQTRW4QMT""","=""FTDJX6KVRJQ5L0F0RA""",29-08-2026,"=""AliExpress""",29-08-2026 17-00-00,105.00,,240202.91
2026/08/30,2026/08/30,Purchase,"=""RBDT3WCN0NVU4OQAOV""","=""FT5HVZ8V6F38Y2FSNI""",30-08-2026,"=""MPGOOGLE YouTube Premium""",30-08-2026 09-00-00,158.17,,240044.74
2026/08/31,2026/08/31,Bill Payment,"=""RB41JTRL3KEDEJZAPF""","=""FTZKZFM3B8IF621TKA""",31-08-2026,"=""STELCO BILLPAY""",31-08-2026 01-00-00,211.34,,239833.40
2026/08/31,2026/08/31,Salary,"=""RBS81E9QIF8IK168V4""","=""FTPSQS4BNUM5RUN8O9""",Synthetic Employer Pvt Ltd,"=""Synthetic Employer Pvt Ltd""",31-08-2026 17-00-00,,10211.00,250044.40
2026/09/01,2026/09/01,ATM Withdrawal,"=""RBJ825PWSMKKLEQNL6""","=""FTYGEDL4EKI6ZNU3KN""",ATM Cash Withdrawal,"=""ATM Cash Withdrawal""",01-09-2026 09-00-00,317.68,,249726.72
2026/09/02,2026/09/02,Credit Card Payment,"=""RBQYQM6TLIM14BHVLI""","=""FT36LBC0WXWPBKO8JI""",BML Credit Card Payment,"=""BML Credit Card Payment""",02-09-2026 01-00-00,370.85,,249355.87
2026/09/02,2026/09/02,Favara Debit,"=""RB4LWIX0UEAZBK96KB""","=""FT527VXQFJ5V92U315""",Mariyam Naaz,"=""Mariyam Naaz""",02-09-2026 17-00-00 Favara,424.02,,248931.85
2026/09/03,2026/09/03,Transfer Debit,"=""RB1C58V4AJ52WO11HB""","=""FT8MOLT97I7VYHUEDA""",Fathimath Leeza,"=""Fathimath Leeza""",03-09-2026 09-00-00 Internet Banking,477.19,,248454.66
2026/09/04,2026/09/04,Favara Debit,"=""RB2J5JFQFKS5FS86IX""","=""FTTUMI2B2IYGNNLSNZ""",Ahmed Rasheed,"=""Ahmed Rasheed""",04-09-2026 01-00-00 Favara,55.36,,248399.30
2026/09/04,2026/09/04,Favara Credit,"=""RBWTYIP91BYI2D9XWH""","=""FTHCHBO592344JK6GA""",Freelance Client 2,"=""Freelance Client 2""",04-09-2026 17-00-00 Favara,,107.00,248506.30
2026/09/05,2026/09/05,Favara Credit,"=""RBYW7O6HDMSXOC1OTV""","=""FTDUCBFDB2PTKN1JCD""",Fathimath Leeza,"=""Fathimath Leeza""",05-09-2026 09-00-00 Favara,,160.17,248666.47
2026/09/06,2026/09/06,Transfer Credit,"=""RB0M3DFC39SANS8OA2""","=""FTWAF5OTUKZ2UYWBJ4""",Mariyam Naaz,"=""Mariyam Naaz""",06-09-2026 01-00-00 Internet Banking,,213.34,248879.81
2026/09/06,2026/09/06,Transfer Debit,"=""RBCJN183FH2UPR06OD""","=""FTN26132S1GBZQAHUS""",Echbees LLP,"=""Echbees LLP""",06-09-2026 17-00-00 Internet Banking,266.51,,248613.30
2026/09/07,2026/09/07,Favara Debit,"=""RBDN62IPR0WL175V5U""","=""FTNS5JRU6BUCTZG8NN""",My Other Bank Account,"=""My Other Bank Account""",07-09-2026 09-00-00 Favara,319.68,,248293.62
2026/09/08,2026/09/08,Favara Credit,"=""RB5N0RRL0K6HT43HGW""","=""FTSKZII7JG08SYGIKO""",My Other Bank Account,"=""My Other Bank Account""",08-09-2026 01-00-00 Favara,,372.85,248666.47
2026/09/08,2026/09/08,Purchase,"=""RBTXVQ9O3XL55H56AW""","=""FTFYP4KT17XAKG0NUJ""",08-09-2026,"=""Villa Mart""",08-09-2026 17-00-00,426.02,,248240.45
2026/09/09,2026/09/09,Purchase,"=""RBSJLYG96RR0AER06T""","=""FT53X9875Y5JHSMS9L""",09-09-2026,"=""Avas Ride""",09-09-2026 09-00-00,479.19,,247761.26
2026/03/22,2026/03/22,Purchase,"=""RBXJN6E1G2P73L1RXT""","=""FTT467BMEBJWGGJD97""",22-03-2026,"=""Villa Mart""",22-03-2026 17-00-00,210.51,,99225.39
2026/09/10,2026/09/10,Purchase,"=""RB7DRZSGESJDZ1QNDL""","=""FTQTLWFPEJ8YNGNCRW""",10-09-2026,"=""MPGOOGLE Google One""",10-09-2026 17-00-00,109.00,,247652.26
2026/09/11,2026/09/11,Bill Payment,"=""RBLO01EVBGMYWOPK7N""","=""FTNGI2AMD7JCP8HEWK""",11-09-2026,"=""Dhiraagu BILLPAY""",11-09-2026 09-00-00,162.17,,247490.09
2026/09/12,2026/09/12,Salary,"=""RBZW5748RE3AA582SP""","=""FTWYU0J9VDQ0IV03KC""",Synthetic Employer Pvt Ltd,"=""Synthetic Employer Pvt Ltd""",12-09-2026 01-00-00,,11860.00,259350.09
2026/09/12,2026/09/12,ATM Withdrawal,"=""RBL2RO6PE3HP6XO8SX""","=""FTPCTSDSJIM7M28MNF""",ATM Cash Withdrawal,"=""ATM Cash Withdrawal""",12-09-2026 17-00-00,268.51,,259081.58
2026/09/13,2026/09/13,Credit Card Payment,"=""RBQG4XGL1CMHT9BLJA""","=""FTTMU8VQISXLZEQOUZ""",BML Credit Card Payment,"=""BML Credit Card Payment""",13-09-2026 09-00-00,321.68,,258759.90
2026/09/14,2026/09/14,Favara Debit,"=""RBY8KPTF8S6CVVCWGB""","=""FTGTFK34Y8ZE7HD1SU""",Fathimath Leeza,"=""Fathimath Leeza""",14-09-2026 01-00-00 Favara,374.85,,258385.05
2026/09/14,2026/09/14,Transfer Debit,"=""RB54VGOKEYM87LBHW7""","=""FT73U4ZS57UHPZJ1G7""",Ahmed Rasheed,"=""Ahmed Rasheed""",14-09-2026 17-00-00 Internet Banking,428.02,,257957.03
2026/09/15,2026/09/15,Favara Debit,"=""RBT8I3CDLMEWVWAJJI""","=""FTC3Z1WF4RA1LZJF4Q""",Hussain Shafeeq,"=""Hussain Shafeeq""",15-09-2026 09-00-00 Favara,481.19,,257475.84
2026/09/16,2026/09/16,Favara Credit,"=""RB82RF6RVQT1YWRZ68""","=""FT86U0TFV6Z575LS2K""",Freelance Client 3,"=""Freelance Client 3""",16-09-2026 01-00-00 Favara,,59.36,257535.20
2026/09/16,2026/09/16,Favara Credit,"=""RB3XKDZGZYMZIJZBX5""","=""FTCXNXSCD70C3N234L""",Ahmed Rasheed,"=""Ahmed Rasheed""",16-09-2026 17-00-00 Favara,,111.00,257646.20
2026/09/17,2026/09/17,Transfer Credit,"=""RB495I9U5V1AJ67WTQ""","=""FT6UGXN5689HUTR7UU""",Fathimath Leeza,"=""Fathimath Leeza""",17-09-2026 09-00-00 Internet Banking,,164.17,257810.37
2026/09/18,2026/09/18,Transfer Debit,"=""RBZEPDRNA2E60B2UQA""","=""FTDB3UQUNNO1MDM1EW""",Coral Works LLP,"=""Coral Works LLP""",18-09-2026 01-00-00 Internet Banking,217.34,,257593.03
2026/09/18,2026/09/18,Favara Debit,"=""RBBYDMCAZIMC8FNNAA""","=""FTNRXJBVZFLIUR8AIH""",My Other Bank Account,"=""My Other Bank Account""",18-09-2026 17-00-00 Favara,270.51,,257322.52
2026/09/19,2026/09/19,Favara Credit,"=""RBRA54AE6WGK3GO4I8""","=""FT3EN6F9SJBZ1CY2FH""",My Other Bank Account,"=""My Other Bank Account""",19-09-2026 09-00-00 Favara,,323.68,257646.20
2026/09/20,2026/09/20,Purchase,"=""RBWBE37QAIORLSKQT5""","=""FTK6XVV7P3L3M2H8EW""",20-09-2026,"=""Coral Cafe""",20-09-2026 01-00-00,376.85,,257269.35
2026/09/20,2026/09/20,Purchase,"=""RB3YVKTD3AQV5TG6U3""","=""FTEKNIQDLOVO46PV30""",20-09-2026,"=""Avas Ride""",20-09-2026 17-00-00,430.02,,256839.33
2026/09/21,2026/09/21,Purchase,"=""RBVYG46895XSTTVZMT""","=""FT7460AH18FL5FPKVF""",21-09-2026,"=""AliExpress""",21-09-2026 09-00-00,483.19,,256356.14
2026/09/22,2026/09/22,Purchase,"=""RBTBDYB1G68OMJE8E2""","=""FTHIWIDH03DMIKV659""",22-09-2026,"=""MPGOOGLE YouTube Premium""",22-09-2026 01-00-00,61.36,,256294.78
2026/09/22,2026/09/22,Bill Payment,"=""RBBJIPV10NF1VTWHZA""","=""FTY8JNHYPU31DLWTFI""",22-09-2026,"=""STELCO BILLPAY""",22-09-2026 17-00-00,113.00,,256181.78
2026/09/23,2026/09/23,Salary,"=""RBYV7BQQWKW8RVOD8I""","=""FT6I5PDAKJ2KC6JZML""",Synthetic Employer Pvt Ltd,"=""Synthetic Employer Pvt Ltd""",23-09-2026 09-00-00,,13509.00,269690.78
2026/09/24,2026/09/24,ATM Withdrawal,"=""RB02Y3GXIDCXJTBAX2""","=""FTC2SUITINLRT6I1UG""",ATM Cash Withdrawal,"=""ATM Cash Withdrawal""",24-09-2026 01-00-00,219.34,,269471.44
2026/09/24,2026/09/24,Credit Card Payment,"=""RBK9EGAIQMYBQP7LA1""","=""FT55RPRTCJALYXV81X""",BML Credit Card Payment,"=""BML Credit Card Payment""",24-09-2026 17-00-00,272.51,,269198.93
2026/09/25,2026/09/25,Favara Debit,"=""RBSM7Y0GGENRK4IX2A""","=""FTOZUSED3RDVTEX8CW""",Ahmed Rasheed,"=""Ahmed Rasheed""",25-09-2026 09-00-00 Favara,325.68,,268873.25
2026/09/26,2026/09/26,Transfer Debit,"=""RB72MNHH9QE22SNZC0""","=""FTUW6H7M6HACA1GJOB""",Hussain Shafeeq,"=""Hussain Shafeeq""",26-09-2026 01-00-00 Internet Banking,378.85,,268494.40
2026/09/26,2026/09/26,Favara Debit,"=""RBL2GQ65NB5K3N0N2P""","=""FT5V5DDHAKD1XGO14S""",Ali Shaheed,"=""Ali Shaheed""",26-09-2026 17-00-00 Favara,432.02,,268062.38
2026/09/27,2026/09/27,Favara Credit,"=""RBK045VNED3V01Z6Y0""","=""FTDGEFLRAL8M26T47O""",Freelance Client 4,"=""Freelance Client 4""",27-09-2026 09-00-00 Favara,,485.19,268547.57
2026/09/28,2026/09/28,Favara Credit,"=""RB896VQRIBAK5RQYQR""","=""FTDL0PXDCCU24FS30T""",Hussain Shafeeq,"=""Hussain Shafeeq""",28-09-2026 01-00-00 Favara,,63.36,268610.93
2026/09/28,2026/09/28,Transfer Credit,"=""RBZ76EYF2USA0AMCCS""","=""FTUXOLPEEGIKLETK4V""",Ahmed Rasheed,"=""Ahmed Rasheed""",28-09-2026 17-00-00 Internet Banking,,115.00,268725.93
2026/09/29,2026/09/29,Transfer Debit,"=""RBVI0XXLJV4XP54BW4""","=""FTKR856G0GV6VSCIN6""",Digitopia Pvt Ltd,"=""Digitopia Pvt Ltd""",29-09-2026 09-00-00 Internet Banking,168.17,,268557.76
2026/09/30,2026/09/30,Favara Debit,"=""RBULNFFAVPWX7W6M36""","=""FTM08URNRADZSOLC0A""",My Other Bank Account,"=""My Other Bank Account""",30-09-2026 01-00-00 Favara,221.34,,268336.42
2026/09/30,2026/09/30,Favara Credit,"=""RBTWFY34ARP6OYXU7H""","=""FT54P4Z9PGSVXU1VS9""",My Other Bank Account,"=""My Other Bank Account""",30-09-2026 17-00-00 Favara,,274.51,268610.93
2026/10/01,2026/10/01,Purchase,"=""RBIM3DO8Z09N3ZMPWY""","=""FTYCZKH901APBJ2RA8""",01-10-2026,"=""Red Banana""",01-10-2026 09-00-00,327.68,,268283.25
2026/10/02,2026/10/02,Purchase,"=""RB8M6S98IIAJI1J0VF""","=""FTTR1YIHYEPEPVFUND""",02-10-2026,"=""Avas Ride""",02-10-2026 01-00-00,380.85,,267902.40
2026/10/02,2026/10/02,Purchase,"=""RBMQ10I0U900UO60QF""","=""FTDN09MR6IL0QL562O""",02-10-2026,"=""AliExpress""",02-10-2026 17-00-00,434.02,,267468.38
2026/10/03,2026/10/03,Purchase,"=""RB318QKUDM5TPG076Y""","=""FTQ7MP5TDLIZ9B04Y8""",03-10-2026,"=""MPGOOGLE Google One""",03-10-2026 09-00-00,487.19,,266981.19
2026/10/04,2026/10/04,Bill Payment,"=""RBRYOEMH24RBOV65CP""","=""FTMR8EBLNTJNBM1FPR""",04-10-2026,"=""Dhiraagu BILLPAY""",04-10-2026 01-00-00,65.36,,266915.83
2026/10/04,2026/10/04,Salary,"=""RBFP7M4LZXIC8HVT4D""","=""FT4ZNY511DU836QH7Q""",Synthetic Employer Pvt Ltd,"=""Synthetic Employer Pvt Ltd""",04-10-2026 17-00-00,,10158.00,277073.83
2026/10/05,2026/10/05,ATM Withdrawal,"=""RB08SZ49UN8HHPCPZP""","=""FTJLU0EVEL8OYXSIBC""",ATM Cash Withdrawal,"=""ATM Cash Withdrawal""",05-10-2026 09-00-00,170.17,,276903.66
2026/10/06,2026/10/06,Credit Card Payment,"=""RBEOW9QJJVYOYE5XJP""","=""FTPCJZ7P0X1YGDSKN2""",BML Credit Card Payment,"=""BML Credit Card Payment""",06-10-2026 01-00-00,223.34,,276680.32
2026/10/06,2026/10/06,Favara Debit,"=""RBXZ33QH8UBS410J6M""","=""FTBXXVREB4M125ETMJ""",Hussain Shafeeq,"=""Hussain Shafeeq""",06-10-2026 17-00-00 Favara,276.51,,276403.81
2026/10/07,2026/10/07,Transfer Debit,"=""RBKUPE3EWT3TJI8FKV""","=""FTIOBF2YLYK6N7SUGN""",Ali Shaheed,"=""Ali Shaheed""",07-10-2026 09-00-00 Internet Banking,329.68,,276074.13
2026/10/08,2026/10/08,Favara Debit,"=""RB8NP4Q2SBR4PS15BQ""","=""FTZD10ZRUSBGRD44P2""",Mariyam Naaz,"=""Mariyam Naaz""",08-10-2026 01-00-00 Favara,382.85,,275691.28
2026/10/08,2026/10/08,Favara Credit,"=""RB9LO34I6EZYEA898V""","=""FTKL4OH9G6U0N3J5DK""",Freelance Client 1,"=""Freelance Client 1""",08-10-2026 17-00-00 Favara,,436.02,276127.30
2026/10/09,2026/10/09,Favara Credit,"=""RBRHB435VU7VHRE6QD""","=""FTQ0FC1SAMQLDI8CA0""",Ali Shaheed,"=""Ali Shaheed""",09-10-2026 09-00-00 Favara,,489.19,276616.49
2026/10/10,2026/10/10,Transfer Credit,"=""RBTJS7RSKQDHBERBSX""","=""FT2FRRX20ZA2X7TPJU""",Hussain Shafeeq,"=""Hussain Shafeeq""",10-10-2026 01-00-00 Internet Banking,,67.36,276683.85
2026/10/10,2026/10/10,Transfer Debit,"=""RBVORNLIZIPGKE3P7M""","=""FT99KW7FAQ2VWV4A44""",Echbees LLP,"=""Echbees LLP""",10-10-2026 17-00-00 Internet Banking,119.00,,276564.85
2026/10/11,2026/10/11,Favara Debit,"=""RBLZGL410DGKZNL8F4""","=""FT73PIP3ZRC493FWV6""",My Other Bank Account,"=""My Other Bank Account""",11-10-2026 09-00-00 Favara,172.17,,276392.68
2026/10/12,2026/10/12,Favara Credit,"=""RB4BAC1A1792AOL8Z1""","=""FTVQBQLNRK315BHDBQ""",My Other Bank Account,"=""My Other Bank Account""",12-10-2026 01-00-00 Favara,,225.34,276618.02
2026/10/12,2026/10/12,Purchase,"=""RBM2RTGSMYLPIFAU71""","=""FTCOEVVO47XMXILQR1""",12-10-2026,"=""Villa Mart""",12-10-2026 17-00-00,278.51,,276339.51
2026/10/13,2026/10/13,Purchase,"=""RB1WJEKI2XSRJ5EFMM""","=""FTF3PZ2O7B66LR2LV5""",13-10-2026,"=""Avas Ride""",13-10-2026 09-00-00,331.68,,276007.83
2026/10/14,2026/10/14,Purchase,"=""RBTRS9E3KYRIBS6WPN""","=""FTG4J7EFM3KQXL29VW""",14-10-2026,"=""AliExpress""",14-10-2026 01-00-00,384.85,,275622.98
2026/10/14,2026/10/14,Purchase,"=""RBUZDD4293H1U93SU5""","=""FT01BFW955TZTT0CIZ""",14-10-2026,"=""MPGOOGLE YouTube Premium""",14-10-2026 17-00-00,438.02,,275184.96
2026/10/15,2026/10/15,Bill Payment,"=""RB622T63JGHEV1BSJ5""","=""FTEXK65U8O62X1WPGL""",15-10-2026,"=""STELCO BILLPAY""",15-10-2026 09-00-00,491.19,,274693.77
2026/10/16,2026/10/16,Salary,"=""RBL8S4JTHMDNLHASXB""","=""FTL0GBERM6N5ETQM3D""",Synthetic Employer Pvt Ltd,"=""Synthetic Employer Pvt Ltd""",16-10-2026 01-00-00,,11807.00,286500.77
2026/10/16,2026/10/16,ATM Withdrawal,"=""RB9KDXIC47TBXBMGJS""","=""FTV69US10UI47OB3MN""",ATM Cash Withdrawal,"=""ATM Cash Withdrawal""",16-10-2026 17-00-00,121.00,,286379.77
2026/10/17,2026/10/17,Credit Card Payment,"=""RBH18CU7AZXR6S9GYL""","=""FTH7AB86BGTVQVM931""",BML Credit Card Payment,"=""BML Credit Card Payment""",17-10-2026 09-00-00,174.17,,286205.60
2026/10/18,2026/10/18,Favara Debit,"=""RBEXDOZUEYTNIPOQKQ""","=""FTMCKANFMFQIS4Y29B""",Ali Shaheed,"=""Ali Shaheed""",18-10-2026 01-00-00 Favara,227.34,,285978.26
2026/10/18,2026/10/18,Transfer Debit,"=""RBXZ8GM1KTD2CNBEMQ""","=""FTFITGE93QQNEFHZAL""",Mariyam Naaz,"=""Mariyam Naaz""",18-10-2026 17-00-00 Internet Banking,280.51,,285697.75
2026/10/19,2026/10/19,Favara Debit,"=""RBMAGPL2QU3RTZQZK1""","=""FTXYBV59ZVSL9LFKQM""",Fathimath Leeza,"=""Fathimath Leeza""",19-10-2026 09-00-00 Favara,333.68,,285364.07
2026/10/20,2026/10/20,Favara Credit,"=""RB9J0P9XLAHH7ZJQ9R""","=""FT2I47JXT9TPMRT0ZQ""",Freelance Client 2,"=""Freelance Client 2""",20-10-2026 01-00-00 Favara,,386.85,285750.92
2026/10/20,2026/10/20,Favara Credit,"=""RBT5UP5HP2TTG0K2J3""","=""FTKW3XGF196GGPO4S6""",Mariyam Naaz,"=""Mariyam Naaz""",20-10-2026 17-00-00 Favara,,440.02,286190.94
2026/10/21,2026/10/21,Transfer Credit,"=""RBRPDBL54KHEKSV6G4""","=""FT9NPG5V4CD5B5OJGI""",Ali Shaheed,"=""Ali Shaheed""",21-10-2026 09-00-00 Internet Banking,,493.19,286684.13
2026/10/22,2026/10/22,Transfer Debit,"=""RBAP3X3890GL5J1V8Z""","=""FT8XAW6P43LT6EDNYS""",Coral Works LLP,"=""Coral Works LLP""",22-10-2026 01-00-00 Internet Banking,71.36,,286612.77
2026/10/22,2026/10/22,Favara Debit,"=""RBECS21AC5ZW01BH9Y""","=""FTW8MISV4NO9U5I9JC""",My Other Bank Account,"=""My Other Bank Account""",22-10-2026 17-00-00 Favara,123.00,,286489.77
2026/10/23,2026/10/23,Favara Credit,"=""RBYB4NZGXAM4HKVB5H""","=""FT9516A9C54WF2A2B6""",My Other Bank Account,"=""My Other Bank Account""",23-10-2026 09-00-00 Favara,,176.17,286665.94
2026/10/24,2026/10/24,Purchase,"=""RBCHDLI7II4W1QK3LP""","=""FTA30N8SKEJHMTYZAZ""",24-10-2026,"=""Coral Cafe""",24-10-2026 01-00-00,229.34,,286436.60
2026/10/24,2026/10/24,Purchase,"=""RBZWCVPDFH69UL57RD""","=""FTAUTSWOH1EIT2KSTS""",24-10-2026,"=""Avas Ride""",24-10-2026 17-00-00,282.51,,286154.09
2026/10/25,2026/10/25,Purchase,"=""RB9FG0GUR5D20WPPE1""","=""FT7963YARFX3V1AYW6""",25-10-2026,"=""AliExpress""",25-10-2026 09-00-00,335.68,,285818.41
2026/10/26,2026/10/26,Purchase,"=""RBA36RQTTFC1CDOTNY""","=""FT8KDAG9AESCNHX6GX""",26-10-2026,"=""MPGOOGLE Google One""",26-10-2026 01-00-00,388.85,,285429.56
2026/10/26,2026/10/26,Bill Payment,"=""RBTCP3QB6NSYG297CV""","=""FTMMQG5LD8C8WSJMIF""",26-10-2026,"=""Dhiraagu BILLPAY""",26-10-2026 17-00-00,442.02,,284987.54
2026/10/27,2026/10/27,Salary,"=""RBJZC8YZMHJPVXWKAV""","=""FT4TIH20H1FCTYS3L3""",Synthetic Employer Pvt Ltd,"=""Synthetic Employer Pvt Ltd""",27-10-2026 09-00-00,,13456.00,298443.54
2026/10/28,2026/10/28,ATM Withdrawal,"=""RBN8JOJ3VZVWC2IKWK""","=""FTEM716NKR7P1QB5KE""",ATM Cash Withdrawal,"=""ATM Cash Withdrawal""",28-10-2026 01-00-00,73.36,,298370.18
2026/10/28,2026/10/28,Credit Card Payment,"=""RB21BUEBP8J3ZTVD4J""","=""FTG5XIM0CTTPM7DQLQ""",BML Credit Card Payment,"=""BML Credit Card Payment""",28-10-2026 17-00-00,125.00,,298245.18
2026/10/29,2026/10/29,Favara Debit,"=""RB2KI1EIPPVPG8R2YU""","=""FTSG8J651ZP4NFA3LX""",Mariyam Naaz,"=""Mariyam Naaz""",29-10-2026 09-00-00 Favara,178.17,,298067.01
2026/10/30,2026/10/30,Transfer Debit,"=""RB7D4X0P7V0YU05K4Y""","=""FTV7ZBEQXGSGDB1T8L""",Fathimath Leeza,"=""Fathimath Leeza""",30-10-2026 01-00-00 Internet Banking,231.34,,297835.67
2026/10/30,2026/10/30,Favara Debit,"=""RBZL9C4VFIBMFJFRMC""","=""FT7LV3AVML0A8QS6DR""",Ahmed Rasheed,"=""Ahmed Rasheed""",30-10-2026 17-00-00 Favara,284.51,,297551.16
2026/10/31,2026/10/31,Favara Credit,"=""RBX9RO4JNJT2I2WJMZ""","=""FTE1JE40UZDI65CUBD""",Freelance Client 3,"=""Freelance Client 3""",31-10-2026 09-00-00 Favara,,337.68,297888.84
2026/11/01,2026/11/01,Favara Credit,"=""RBGBPLZDQN4KLRJR7N""","=""FT4C4ID49RPKU5VJUZ""",Fathimath Leeza,"=""Fathimath Leeza""",01-11-2026 01-00-00 Favara,,390.85,298279.69
2026/11/01,2026/11/01,Transfer Credit,"=""RBUG2P863MQ26ZWWIV""","=""FTW34MWGLXOK5FGLBF""",Mariyam Naaz,"=""Mariyam Naaz""",01-11-2026 17-00-00 Internet Banking,,444.02,298723.71
2026/11/02,2026/11/02,Transfer Debit,"=""RB03HNRLR241FMQ5RS""","=""FTK528LIEJTOPAYDJ6""",Digitopia Pvt Ltd,"=""Digitopia Pvt Ltd""",02-11-2026 09-00-00 Internet Banking,497.19,,298226.52
2026/11/03,2026/11/03,Favara Debit,"=""RBV4HCE221KQCFL7XL""","=""FTBOPA4NWRR9T7HXGT""",My Other Bank Account,"=""My Other Bank Account""",03-11-2026 01-00-00 Favara,75.36,,298151.16
2026/11/03,2026/11/03,Favara Credit,"=""RBJ1Q7Z6N3JZIHZNH4""","=""FTL9EUW2CSCP81GDXV""",My Other Bank Account,"=""My Other Bank Account""",03-11-2026 17-00-00 Favara,,127.00,298278.16
2026/11/04,2026/11/04,Purchase,"=""RBXWQK2TXP7KS2BOPK""","=""FT6LJ4T133M14JFL34""",04-11-2026,"=""Red Banana""",04-11-2026 09-00-00,180.17,,298097.99
2026/11/05,2026/11/05,Purchase,"=""RB0609GIYLL07JZZEU""","=""FTYFJ7LBERMP5DWFDO""",05-11-2026,"=""Avas Ride""",05-11-2026 01-00-00,233.34,,297864.65
2026/11/05,2026/11/05,Purchase,"=""RBZP8VNBIRG75B4XFE""","=""FTY9RQHLZAEVT3LHQP""",05-11-2026,"=""AliExpress""",05-11-2026 17-00-00,286.51,,297578.14
2026/11/06,2026/11/06,Purchase,"=""RBPSTINKX3561ILWNN""","=""FTSQIKNMREPV0L4AHV""",06-11-2026,"=""MPGOOGLE YouTube Premium""",06-11-2026 09-00-00,339.68,,297238.46
2026/11/07,2026/11/07,Bill Payment,"=""RBL1URGQX7G0A5UVAV""","=""FTU33HC4NA8OGMJJHA""",07-11-2026,"=""STELCO BILLPAY""",07-11-2026 01-00-00,392.85,,296845.61
2026/11/07,2026/11/07,Salary,"=""RB6R97XSHX4YIPSP37""","=""FTZZ146YHMUDHJL30J""",Synthetic Employer Pvt Ltd,"=""Synthetic Employer Pvt Ltd""",07-11-2026 17-00-00,,10105.00,306950.61
2026/11/08,2026/11/08,ATM Withdrawal,"=""RBO1B9TLWW8HLRCT2W""","=""FTFFW2WI7VVXEU52TV""",ATM Cash Withdrawal,"=""ATM Cash Withdrawal""",08-11-2026 09-00-00,499.19,,306451.42
2026/11/09,2026/11/09,Credit Card Payment,"=""RBEDHLSEI09Z02I71S""","=""FT6VXXA695YAMEAM55""",BML Credit Card Payment,"=""BML Credit Card Payment""",09-11-2026 01-00-00,77.36,,306374.06
2026/11/09,2026/11/09,Favara Debit,"=""RBV8GEWHWJ3J4X1XWY""","=""FTPA39GF5426TAA9N6""",Fathimath Leeza,"=""Fathimath Leeza""",09-11-2026 17-00-00 Favara,129.00,,306245.06
2026/11/10,2026/11/10,Transfer Debit,"=""RBBCR9ZCD0K406E4TW""","=""FTF44E6DZ2F5V330ZN""",Ahmed Rasheed,"=""Ahmed Rasheed""",10-11-2026 09-00-00 Internet Banking,182.17,,306062.89
2026/11/11,2026/11/11,Favara Debit,"=""RBQXD6P7JXOPV55ZIX""","=""FT5E3MDE3ZWK0QVU7B""",Hussain Shafeeq,"=""Hussain Shafeeq""",11-11-2026 01-00-00 Favara,235.34,,305827.55
2026/11/11,2026/11/11,Favara Credit,"=""RB7N35MOB889P17CWK""","=""FTNSV3GCMFG1XJ2HGL""",Freelance Client 4,"=""Freelance Client 4""",11-11-2026 17-00-00 Favara,,288.51,306116.06
2026/11/12,2026/11/12,Favara Credit,"=""RBNL8UUCC3EW8QWV88""","=""FTNORVXQBVLHDLUABS""",Ahmed Rasheed,"=""Ahmed Rasheed""",12-11-2026 09-00-00 Favara,,341.68,306457.74
2026/11/13,2026/11/13,Transfer Credit,"=""RBLD2M95VHUBCJRV94""","=""FT79TGSG2CZ2CQHKXJ""",Fathimath Leeza,"=""Fathimath Leeza""",13-11-2026 01-00-00 Internet Banking,,394.85,306852.59
2026/11/13,2026/11/13,Transfer Debit,"=""RBMWP6AOHF0ITWDFD8""","=""FTHA2L2TBIHAZLMVNB""",Echbees LLP,"=""Echbees LLP""",13-11-2026 17-00-00 Internet Banking,448.02,,306404.57
2026/11/14,2026/11/14,Favara Debit,"=""RBL3K6WA4EJU5MDNF2""","=""FTKX4SELE7MJVKY2Q8""",My Other Bank Account,"=""My Other Bank Account""",14-11-2026 09-00-00 Favara,26.19,,306378.38
2026/11/15,2026/11/15,Favara Credit,"=""RBUOA2LNICEB8YBWZ1""","=""FTF5390W1L7UUFJV5S""",My Other Bank Account,"=""My Other Bank Account""",15-11-2026 01-00-00 Favara,,79.36,306457.74
2026/11/15,2026/11/15,Purchase,"=""RB01A7ZJVMNZHYSXF1""","=""FTJ4N8GFQA7MJZDJ53""",15-11-2026,"=""Villa Mart""",15-11-2026 17-00-00,131.00,,306326.74
2026/11/16,2026/11/16,Purchase,"=""RBB522NK8DJVB3IWWD""","=""FT4NKVW21775R0OHV4""",16-11-2026,"=""Avas Ride""",16-11-2026 09-00-00,184.17,,306142.57
2026/11/17,2026/11/17,Purchase,"=""RBBC3GIQMZNI8PQ121""","=""FTVUZWBLXY8Y88UDB2""",17-11-2026,"=""AliExpress""",17-11-2026 01-00-00,237.34,,305905.23
2026/11/17,2026/11/17,Purchase,"=""RBDMN740ZXZSD4O222""","=""FTN3ASRJMREMMD2W0I""",17-11-2026,"=""MPGOOGLE Google One""",17-11-2026 17-00-00,290.51,,305614.72
2026/11/18,2026/11/18,Bill Payment,"=""RB9S9YME456EY2CBQ5""","=""FT38JQKGOQ6V331SLX""",18-11-2026,"=""Dhiraagu BILLPAY""",18-11-2026 09-00-00,343.68,,305271.04
2026/11/19,2026/11/19,Salary,"=""RBM3WX5A4P5D3B4XX8""","=""FTK2FJX1E3YQCCRN8X""",Synthetic Employer Pvt Ltd,"=""Synthetic Employer Pvt Ltd""",19-11-2026 01-00-00,,11754.00,317025.04
2026/11/19,2026/11/19,ATM Withdrawal,"=""RBITDZG8WU0BMO4Y79""","=""FTNT3KQXBXWTNVOBNG""",ATM Cash Withdrawal,"=""ATM Cash Withdrawal""",19-11-2026 17-00-00,450.02,,316575.02
2026/11/20,2026/11/20,Credit Card Payment,"=""RBH9VAG8JQK9SGE2UJ""","=""FTRERVB9O7WN0JYGWH""",BML Credit Card Payment,"=""BML Credit Card Payment""",20-11-2026 09-00-00,28.19,,316546.83
2026/11/21,2026/11/21,Favara Debit,"=""RBVH23L6ZOMOA9NZQE""","=""FTCRA7YWG6PQ1IEUSQ""",Ahmed Rasheed,"=""Ahmed Rasheed""",21-11-2026 01-00-00 Favara,81.36,,316465.47
2026/11/21,2026/11/21,Transfer Debit,"=""RBFVGPWQQWLKRX2RP7""","=""FTWN7IJNJVCU7KNNC3""",Hussain Shafeeq,"=""Hussain Shafeeq""",21-11-2026 17-00-00 Internet Banking,133.00,,316332.47
2026/11/22,2026/11/22,Favara Debit,"=""RBLFH4MA8SWJJEZWRS""","=""FTXWOKKJE3H3K6B0O0""",Ali Shaheed,"=""Ali Shaheed""",22-11-2026 09-00-00 Favara,186.17,,316146.30
2026/11/23,2026/11/23,Favara Credit,"=""RBDYF2GQ909LOTW4EO""","=""FTZ1WJTKAL08ZP7K55""",Freelance Client 1,"=""Freelance Client 1""",23-11-2026 01-00-00 Favara,,239.34,316385.64
2026/11/23,2026/11/23,Favara Credit,"=""RB1ZC6RXA9RF2EQ0N8""","=""FTHA45US8CA24INB2L""",Hussain Shafeeq,"=""Hussain Shafeeq""",23-11-2026 17-00-00 Favara,,292.51,316678.15
2026/11/24,2026/11/24,Transfer Credit,"=""RBG7B1BH53UZRS6ZFL""","=""FTLKXV8WAVVMTGYMF9""",Ahmed Rasheed,"=""Ahmed Rasheed""",24-11-2026 09-00-00 Internet Banking,,345.68,317023.83
2026/11/25,2026/11/25,Transfer Debit,"=""RBXCTVF5PB28LJ5SEW""","=""FTI7EXPS2USAMFWJ1H""",Coral Works LLP,"=""Coral Works LLP""",25-11-2026 01-00-00 Internet Banking,398.85,,316624.98
2026/11/25,2026/11/25,Favara Debit,"=""RBGIAG0A7KS28BUS4J""","=""FT1LCLRCC0KM8D0TG9""",My Other Bank Account,"=""My Other Bank Account""",25-11-2026 17-00-00 Favara,452.02,,316172.96
2026/11/26,2026/11/26,Favara Credit,"=""RBOKORYGHUJ67FS873""","=""FTR2UH1LOH41EYWZY5""",My Other Bank Account,"=""My Other Bank Account""",26-11-2026 09-00-00 Favara,,30.19,316203.15
2026/11/27,2026/11/27,Purchase,"=""RB2ZIS68TWY8CPU1T6""","=""FTFUZFGI5W2M938MM9""",27-11-2026,"=""Coral Cafe""",27-11-2026 01-00-00,83.36,,316119.79
2026/11/27,2026/11/27,Purchase,"=""RB0J5FI3K8W76GRFHU""","=""FTKOCE5954C47A9H7N""",27-11-2026,"=""Avas Ride""",27-11-2026 17-00-00,135.00,,315984.79
2026/11/28,2026/11/28,Purchase,"=""RBL6EAX1Q6L3R97VOJ""","=""FT8IX4HN3HCR2KFG28""",28-11-2026,"=""AliExpress""",28-11-2026 09-00-00,188.17,,315796.62
2026/11/29,2026/11/29,Purchase,"=""RB8NY92R1WDO8266TN""","=""FT5VCRWQVX6SWGFIH2""",29-11-2026,"=""MPGOOGLE YouTube Premium""",29-11-2026 01-00-00,241.34,,315555.28
2026/11/29,2026/11/29,Bill Payment,"=""RB9DUVFN12U6J0JP4T""","=""FT6NK3MILI9LJTF25E""",29-11-2026,"=""STELCO BILLPAY""",29-11-2026 17-00-00,294.51,,315260.77
2026/11/30,2026/11/30,Salary,"=""RBS2CNKGCYDE56I1HG""","=""FTZ9RGXEN6DOQ89T9Q""",Synthetic Employer Pvt Ltd,"=""Synthetic Employer Pvt Ltd""",30-11-2026 09-00-00,,13403.00,328663.77
2026/12/01,2026/12/01,ATM Withdrawal,"=""RBOTGVUVNDCVRYKHWW""","=""FTN7M7DGC8Q6OOOMVH""",ATM Cash Withdrawal,"=""ATM Cash Withdrawal""",01-12-2026 01-00-00,400.85,,328262.92
